workout_id,date,workout_name,total_sets,total_volume_kg,peak_estimated_1rm,unique_exercises,duration_min
1,2020-05-28 12:58:47,Day 3,19,8557.5,260.0,6,69.9
4,2020-06-03 16:02:10,Day 1,22,13864.0,273.3333333333333,7,79.6
5,2020-06-05 17:21:14,Day 2,19,14442.0,316.66666666666663,6,81.6
6,2020-06-07 15:19:22,Day 3,22,11758.75,273.3333333333333,6,68.5
7,2020-06-08 16:12:58,Day 4,18,6577.5,77.0,6,72.6
8,2020-06-10 16:30:14,Day 5,19,7180.0,157.66666666666666,6,87.6
9,2020-06-12 14:10:54,Day 1,18,5785.0,104.0,6,80.3
10,2020-06-14 17:56:54,Day 2,22,8376.5,93.33333333333333,7,75.5
11,2020-06-15 16:19:20,Nachmittags-Workout,19,10462.5,114.66666666666667,6,88.0
12,2020-06-17 11:55:37,blublub,18,6937.5,112.0,6,62.8
13,2020-06-19 12:45:56,blublub,21,7385.75,146.66666666666666,7,75.8
14,2020-06-22 20:37:15,Abend-Workout,15,6465.0,100.0,5,69.1
15,2020-06-23 12:11:26,Mittags-Workout,19,7295.0,116.66666666666667,7,97.6
16,2020-06-25 13:13:48,Day 2,23,8211.5,90.0,7,79.7
17,2020-06-26 15:19:48,Nachmittags-Workout,18,8330.0,150.33333333333334,6,79.1
18,2020-06-29 19:36:07,Abend-Workout,22,13618.75,300.6666666666667,7,80.8
21,2020-07-05 17:16:08,Nachmittags-Workout,18,10773.75,166.66666666666666,6,63.8
22,2020-07-06 13:59:42,Today,18,5925.0,96.66666666666666,6,91.9
23,2020-07-07 19:00:04,Abend-Workout,18,8102.5,126.66666666666666,6,87.7
24,2020-07-09 19:02:26,Push,17,4666.25,95.0,6,93.6
25,2020-07-11 15:30:37,Pull,21,8453.75,128.26666666666668,7,91.8
26,2020-07-12 18:57:41,Abend-Workout,15,13901.0,375.0,5,86.9
27,2020-07-14 12:05:12,Today,21,7413.25,101.33333333333333,7,78.3
28,2020-07-15 15:27:35,Nachmittags-Workout,21,10154.25,183.33333333333331,8,68.3
30,2020-07-18 15:01:38,Nachmittags-Workout,22,12501.25,99.08333333333333,7,86.0
31,2020-07-20 19:40:19,Füll Body (Leg),22,6582.5,108.0,7,70.7
32,2020-07-22 12:14:22,Full Body (Back D3),18,10184.75,333.3333333333333,6,67.3
33,2020-07-23 12:03:55,Day 2 Full Body Chest,21,7227.5,96.0,7,70.8
34,2020-07-25 10:59:46,D1 Full Body (lower Focus),18,6277.5,96.66666666666666,6,70.0
35,2020-07-27 12:53:01,Day 2 Full Body Chest,21,7462.5,98.66666666666667,7,65.8
36,2020-07-29 11:13:17,Full Body (Back D3),19,12255.0,306.66666666666663,6,60.9
37,2020-07-30 17:10:28,Full Body (Leg D4),22,8126.25,114.0,7,76.2
38,2020-07-31 14:29:33,D5 full body,18,13697.5,350.0,6,86.3
39,2020-08-02 18:58:07,D1 Full Body (lower Focus),19,7950.5,99.08333333333333,6,66.9
40,2020-08-03 18:29:38,Day 2 Full Body Chest,21,8158.75,98.66666666666667,7,88.0
41,2020-08-05 14:32:19,Full Body (Back D3),23,12876.25,383.3333333333333,7,91.1
42,2020-08-06 12:05:39,Full Body (Leg D4),22,7618.75,108.0,7,69.0
43,2020-08-08 09:16:29,D5 full body,15,3978.0,98.66666666666667,5,77.3
44,2020-08-09 19:08:38,Abend-Workout,18,7923.75,158.33333333333331,6,75.1
45,2020-08-10 18:40:16,D1 Full Body (lower Focus),18,7497.5,99.16666666666667,6,73.3
46,2020-08-12 13:42:26,Day 2 Full Body Chest,21,10145.25,101.33333333333333,7,86.5
47,2020-08-13 16:10:43,Full Body (Back D3),20,12924.75,325.0,6,75.0
48,2020-08-17 13:45:49,Full Body (Leg D4),21,7837.5,121.00000000000001,7,96.8
49,2020-08-18 18:19:31,D5 full body,20,5298.75,93.33333333333333,6,57.0
50,2020-08-20 13:13:20,D1 Full Body (lower Focus),19,9432.0,99.16666666666667,6,84.9
51,2020-08-22 11:45:46,Day 2 Full Body Chest,21,8376.25,104.0,7,72.3
52,2020-08-23 14:21:48,Full Body (Back D3),20,12349.75,333.3333333333333,6,81.6
53,2020-08-25 11:25:59,Full Body (Leg D4),22,9325.0,135.66666666666669,7,89.4
54,2020-08-26 14:22:11,D5 full body,20,8434.75,101.33333333333333,6,67.6
55,2020-08-28 08:51:02,Morgen-Workout,25,16146.25,280.0,8,71.5
56,2020-08-31 17:26:39,Nachmittags-Workout,18,7210.0,98.66666666666667,6,62.7
57,2020-09-01 19:19:34,Pull 1,18,7064.5,76.0,6,55.9
58,2020-09-03 16:59:52,Legs 1,21,12802.5,273.3333333333333,7,85.6
59,2020-09-04 18:43:42,Push 2,18,5701.75,98.66666666666667,6,58.5
60,2020-09-06 12:31:19,Pull 2,21,6026.0,76.0,6,55.9
61,2020-09-07 19:02:12,Leg 2,22,15747.5,280.0,7,65.5
62,2020-09-09 16:17:47,Push 2,18,4329.5,101.33333333333333,6,55.9
63,2020-09-10 17:34:09,Pull 1,19,8007.0,93.33333333333333,6,68.9
64,2020-09-12 12:12:59,Leg 2,20,14765.5,316.66666666666663,7,64.5
65,2020-09-13 11:05:01,Push 2,19,3145.0,41.0,7,58.7
66,2020-09-15 15:52:30,Pull 2,19,6867.5,78.0,6,56.4
67,2020-09-17 15:59:35,Leg 2,17,15566.5,316.66666666666663,5,59.2
68,2020-09-19 11:42:28,Push 2,19,5026.75,80.5,6,60.0
69,2020-09-20 12:06:36,Pull 1,21,7647.5,93.33333333333333,7,61.1
70,2020-09-22 16:54:44,Push 2,19,5023.0,54.66666666666667,6,83.5
71,2020-09-23 16:15:54,Leg 2,19,10696.5,148.2,6,65.4
72,2020-09-25 15:34:57,Pull 1,18,5975.75,96.0,6,50.7
73,2020-09-27 12:13:41,Push 2,20,4516.25,93.33333333333334,6,60.5
74,2020-09-28 11:46:04,Morgen-Workout,22,15216.25,316.66666666666663,7,85.2
75,2020-09-29 15:30:12,Push 2,19,4605.0,96.0,6,72.4
76,2020-10-01 16:31:29,Pull 2,20,7363.75,98.66666666666667,7,67.6
77,2020-10-02 12:39:17,Leg 2,20,19144.0,300.0,6,59.3
78,2020-10-04 13:11:29,Push 2,23,4647.5,54.0,7,66.6
79,2020-10-05 15:54:11,Pull 2,22,8288.5,94.25,7,59.5
80,2020-10-07 17:49:34,Leg 2,16,11271.0,146.91666666666666,5,51.6
81,2020-10-08 15:22:33,Push 2,21,5812.5,96.25,7,86.1
82,2020-10-10 12:38:14,Pull 2,18,7065.25,96.0,6,68.2
83,2020-10-12 15:30:23,Push 2,19,4512.0,54.0,6,70.7
84,2020-10-13 16:26:05,Nachmittags-Workout,16,8731.0,101.5,5,55.2
85,2020-10-16 12:29:10,Pull,23,7927.25,77.0,7,80.0
86,2020-10-17 11:52:57,Push 2,22,5067.5,52.5,7,76.9
87,2020-10-19 15:40:54,Leg 2,22,17433.0,325.0,7,77.1
88,2020-10-20 16:02:26,Push 2,19,6267.0,99.0,6,79.9
89,2020-10-22 12:22:23,Mittags-Workout,19,8380.0,93.33333333333333,6,78.2
90,2020-10-24 19:18:06,LegzZ,22,14225.5,286.6666666666667,7,66.1
91,2020-10-25 11:54:39,Push 2,28,7124.75,96.25,8,76.7
92,2020-10-27 11:28:20,Pull,25,9881.0,88.66666666666666,7,70.4
93,2020-10-28 12:00:41,LegzZ,22,17793.0,325.0,7,73.2
94,2020-10-30 11:15:39,Push 2,22,5406.75,52.0,7,77.9
95,2020-10-31 13:24:34,Pull,25,11433.75,91.0,7,75.5
96,2020-11-01 12:11:12,Leg 2,20,13711.0,143.0,6,65.4
100,2020-11-10 10:49:46,Pull Home,20,2376.0,31.533333333333335,6,73.1
102,2020-11-14 12:39:00,Pull Home,23,3526.0,33.0,7,73.8
104,2020-11-17 12:38:03,Pull Home,23,3624.0,31.533333333333335,7,80.6
105,2020-11-18 12:08:32,Push Home,20,1100.0,23.46666666666667,7,59.7
106,2020-11-20 16:10:38,Pull Home,23,3554.0,33.0,7,87.6
107,2020-11-21 12:42:41,Push Home,21,1354.0,30.799999999999997,7,85.4
108,2020-11-23 13:32:00,Mittags-Workout,22,951.0,30.066666666666666,7,97.0
110,2020-11-27 14:37:18,Push Home,21,1323.0,30.799999999999997,7,89.6
111,2020-11-29 12:16:35,Pull Home,22,3936.0,33.733333333333334,7,79.2
112,2020-12-01 11:17:02,Push Home,21,1554.0,31.533333333333335,7,83.7
116,2020-12-15 11:10:25,Morgen-Workout,18,2859.0,36.666666666666664,6,58.1
117,2020-12-18 14:44:04,Push Home,18,640.0,20.8,6,58.3
118,2020-12-21 13:49:03,Pull Home,15,1782.0,36.666666666666664,5,97.0
119,2020-12-23 13:26:15,Push Home,18,640.0,20.8,6,56.1
123,2021-01-03 15:57:03,Push Home,18,681.0,21.333333333333332,6,62.0
124,2021-01-06 14:58:25,Pull Home,19,2201.0,36.666666666666664,6,81.8
125,2021-01-08 16:02:41,Push Home,18,1298.0,24.0,6,59.2
126,2021-01-12 13:42:41,Push Home,21,1821.0,36.666666666666664,7,89.6
128,2021-01-14 15:01:51,Pull Home,22,2820.0,29.333333333333332,7,96.0
131,2021-01-21 12:15:05,Pull Home,24,3160.0,30.799999999999997,8,87.9
132,2021-01-23 13:37:08,Push Home,21,1920.0,36.666666666666664,7,78.0
133,2021-01-25 12:34:41,Pull Home,22,3332.0,31.533333333333335,7,91.8
135,2021-01-30 13:33:58,Pull Home,25,3728.0,33.0,8,94.8
137,2021-02-03 16:34:18,Pull custom,24,3714.0,32.266666666666666,8,70.3
138,2021-02-05 14:22:54,Push Custom,24,2911.0,35.2,8,80.6
139,2021-02-07 14:26:28,Pull custom,21,3883.0,33.0,7,71.0
141,2021-02-09 14:38:31,Push Custom,24,3523.0,36.666666666666664,8,73.3
143,2021-02-11 12:40:30,Pull custom,24,3949.0,33.0,8,76.3
145,2021-02-13 13:13:34,Push Custom,24,3853.0,36.666666666666664,8,73.2
147,2021-02-15 13:04:50,Pull custom,24,3953.0,33.733333333333334,8,84.9
149,2021-02-17 13:30:05,Mittags-Workout,26,0.0,0.0,7,70.1
150,2021-02-19 13:08:20,Push Custom,21,4070.0,38.13333333333333,7,61.3
152,2021-02-21 12:21:44,Mittags-Workout,23,0.0,0.0,7,66.5
153,2021-02-23 12:05:45,Mittags-Workout,24,858.0,33.0,7,97.4
155,2021-02-25 12:47:01,Mittags-Workout,23,1976.0,36.666666666666664,7,88.2
157,2021-02-27 14:55:09,Mittags-Workout,23,1248.0,24.53333333333333,7,96.8
159,2021-03-01 14:15:24,Mittags-Workout,25,1855.0,25.066666666666666,8,86.1
160,2021-03-03 13:15:42,Mittags-Workout,26,2016.0,32.266666666666666,8,81.4
162,2021-03-05 12:57:52,Mittags-Workout,22,607.0,20.8,7,72.1
164,2021-03-07 14:35:03,Mittags-Workout,26,2032.0,34.46666666666667,8,94.3
166,2021-03-10 12:26:33,Mittags-Workout,18,1792.0,33.733333333333334,6,57.7
167,2021-03-11 12:04:04,Mittags-Workout,19,2740.0,31.533333333333335,6,71.0
169,2021-03-13 15:00:03,Mittags-Workout,18,2428.0,33.733333333333334,6,62.3
170,2021-03-14 11:10:35,Mittags-Workout,19,3376.0,33.0,6,85.2
172,2021-03-16 13:45:56,Mittags-Workout,18,1610.0,32.266666666666666,6,58.3
173,2021-03-17 14:24:18,Mittags-Workout,15,2162.0,31.533333333333335,5,47.2
174,2021-03-18 18:17:25,Mittags-Workout,18,2012.0,32.266666666666666,6,71.4
175,2021-03-21 14:47:23,Mittags-Workout,18,2002.0,34.46666666666667,6,54.6
176,2021-03-23 12:43:31,Mittags-Workout,18,2088.0,33.733333333333334,6,58.4
177,2021-03-24 12:47:48,Mittags-Workout,19,3802.0,34.46666666666667,6,76.7
179,2021-03-26 12:21:24,Mittags-Workout,18,1868.0,33.733333333333334,6,55.7
180,2021-03-27 10:34:18,Mittags-Workout,19,3878.0,34.46666666666667,6,63.4
182,2021-03-29 13:53:02,Mittags-Workout,15,960.0,23.46666666666667,5,64.7
183,2021-03-30 12:14:27,Mittags-Workout,16,3205.0,35.93333333333333,5,62.8
185,2021-04-01 12:06:16,Mittags-Workout,15,954.0,22.933333333333334,5,47.9
186,2021-04-02 13:07:17,Mittags-Workout,16,3298.0,37.4,5,49.0
189,2021-04-06 12:57:07,Mittags-Workout,16,3220.0,37.4,5,56.8
191,2021-04-08 10:47:22,Mittags-Workout,15,954.0,22.933333333333334,5,55.6
192,2021-04-11 12:53:28,Mittags-Workout,18,1743.0,32.266666666666666,6,62.0
194,2021-04-13 14:42:33,Mittags-Workout,15,1090.0,25.066666666666666,5,58.0
195,2021-04-14 12:34:18,Mittags-Workout,17,3604.0,37.4,5,62.9
198,2021-04-17 10:28:08,Mittags-Workout,17,4690.0,37.4,5,69.5
200,2021-04-19 11:17:10,Mittags-Workout,16,1216.0,27.133333333333333,5,52.8
201,2021-04-20 12:15:19,Mittags-Workout,20,4351.0,38.13333333333333,6,64.6
202,2021-04-21 11:40:58,Mittags-Workout,21,6196.5,103.91666666666667,7,62.9
203,2021-04-22 10:40:44,Mittags-Workout,16,1131.0,27.866666666666667,5,55.5
204,2021-04-24 15:21:51,Mittags-Workout,15,5126.0,38.86666666666667,4,50.2
205,2021-04-25 10:27:45,Mittags-Workout,21,6240.5,103.91666666666667,7,73.0
206,2021-04-26 10:37:41,Mittags-Workout,16,1288.0,27.866666666666667,5,58.3
207,2021-04-27 14:11:48,Mittags-Workout,17,4810.0,38.13333333333333,5,57.3
208,2021-04-28 10:01:34,Mittags-Workout,21,7214.5,103.91666666666667,7,77.8
209,2021-04-29 11:35:29,Mittags-Workout,16,1597.0,28.6,5,53.9
210,2021-04-30 13:22:27,Mittags-Workout,17,4920.0,38.86666666666667,5,71.3
211,2021-05-01 15:50:44,Mittags-Workout,16,1619.0,28.6,5,57.5
212,2021-05-02 11:02:28,Mittags-Workout,18,4612.0,58.266666666666666,6,68.5
213,2021-05-03 19:25:24,Mittags-Workout,17,4828.0,38.86666666666667,5,62.8
214,2021-05-04 10:39:25,Mittags-Workout,15,1200.0,29.333333333333332,5,47.5
215,2021-05-05 16:56:26,Mittags-Workout,24,4656.0,38.86666666666667,7,92.8
217,2021-05-07 13:33:32,Mittags-Workout,15,1425.0,27.2,5,82.6
218,2021-05-08 14:26:54,Mittags-Workout,15,3309.0,38.13333333333333,4,64.1
219,2021-05-09 12:39:39,Mittags-Workout,19,7638.0,107.5,6,72.9
220,2021-05-10 15:02:45,Mittags-Workout,16,1468.0,29.333333333333332,5,84.4
221,2021-05-11 14:34:37,Mittags-Workout,17,5454.0,38.86666666666667,5,60.0
222,2021-05-14 17:53:06,Push New,26,9710.75,84.33333333333334,7,78.9
223,2021-05-15 12:46:03,Pull New,22,12132.75,91.0,7,70.9
224,2021-05-17 17:01:53,Push New,26,19036.0,280.0,8,95.4
225,2021-05-19 18:23:19,Pull New,22,12673.0,109.33333333333334,7,76.6
226,2021-05-20 15:37:20,Push New,24,19558.5,280.0,7,85.2
227,2021-05-22 15:43:17,Pull New,23,13191.5,120.0,7,67.1
228,2021-05-23 08:56:13,Push New,26,14337.5,246.0,7,73.9
229,2021-05-25 16:57:10,Push New,23,18424.0,322.6666666666667,7,90.1
230,2021-05-26 15:54:56,Pull New,23,12900.75,126.66666666666666,7,83.9
232,2021-05-30 17:26:34,Pull New,25,13130.75,123.33333333333334,8,91.9
233,2021-06-01 16:11:11,Nachmittags-Workout,27,14990.5,150.33333333333334,7,84.6
234,2021-06-04 16:24:07,Nachmittags-Workout,24,13645.75,130.0,7,97.8
236,2021-06-08 15:56:23,Nachmittags-Workout,23,13993.5,123.33333333333334,7,82.2
237,2021-06-10 15:52:02,Push New,29,14470.0,125.33333333333333,8,96.3
238,2021-06-12 12:37:02,Nachmittags-Workout,26,17609.0,120.0,8,97.0
239,2021-06-13 11:07:38,Morgen-Workout,27,25652.5,316.66666666666663,7,94.8
240,2021-06-15 15:19:40,Nachmittags-Workout,23,14959.5,130.0,7,83.8
242,2021-06-19 12:09:35,Nachmittags-Workout,23,12227.5,123.33333333333334,7,75.8
243,2021-06-20 13:51:37,Morgen-Workout,25,20931.5,280.0,7,81.6
244,2021-06-22 13:56:36,Mittags-Workout,25,25172.0,337.3333333333333,7,83.1
245,2021-06-25 15:21:42,Morgen-Workout,22,21987.5,314.3333333333333,6,94.2
247,2021-07-01 14:29:58,Nachmittags-Workout,23,6883.75,88.16666666666666,7,63.4
248,2021-07-03 14:18:06,Nachmittags-Workout,23,12239.5,99.08333333333333,7,63.2
249,2021-07-04 14:41:24,Nachmittags-Workout,26,21641.25,300.6666666666667,8,83.0
250,2021-07-08 17:12:48,Nachmittags-Workout,19,11369.5,101.83333333333333,6,53.8
251,2021-07-09 15:34:51,Nachmittags-Workout,24,19546.25,308.0,7,75.8
252,2021-07-11 16:11:13,Nachmittags-Workout,19,9052.5,86.0,6,83.6
253,2021-07-12 16:25:24,Nachmittags-Workout,22,22035.0,322.6666666666667,6,79.5
254,2021-07-14 17:26:19,Nachmittags-Workout,18,11365.0,96.66666666666666,6,66.5
255,2021-07-16 15:33:16,Nachmittags-Workout,26,21722.5,322.6666666666667,7,88.6
256,2021-07-18 13:37:28,Nachmittags-Workout,21,15962.5,138.83333333333334,7,82.1
257,2021-07-19 12:22:31,Nachmittags-Workout,22,19694.25,315.3333333333333,6,82.2
258,2021-07-21 14:06:23,Nachmittags-Workout,19,10818.5,105.91666666666667,6,76.8
259,2021-07-23 12:33:24,Nachmittags-Workout,25,24679.0,337.33333333333337,7,77.0
260,2021-07-25 12:34:29,Mittags-Workout,25,19893.0,138.83333333333334,7,73.2
261,2021-07-26 12:17:19,Mittags-Workout,25,17552.5,168.66666666666669,7,78.2
262,2021-07-28 18:36:58,Nachmittags-Workout,19,14748.5,105.91666666666667,6,64.9
263,2021-07-30 11:18:55,Nachmittags-Workout,25,22210.75,345.0,7,85.6
264,2021-08-02 14:29:20,Nachmittags-Workout,22,15742.25,102.66666666666667,7,72.7
265,2021-08-03 14:37:31,Nachmittags-Workout,27,23065.0,368.0,7,91.4
266,2021-08-05 14:32:41,Nachmittags-Workout,22,15972.5,104.0,7,72.1
267,2021-08-07 10:33:06,GK 1,31,18693.75,131.25,9,85.8
268,2021-08-09 12:00:00,GK 2,30,19821.0,148.83333333333334,8,91.7
269,2021-08-11 16:32:33,Nachmittags-Workout,24,27344.0,293.33333333333337,7,83.8
270,2021-08-12 10:33:09,Morgen-Workout,28,13772.5,135.66666666666669,8,78.5
271,2021-08-14 13:11:36,Nachmittags-Workout,24,17415.0,152.0,7,82.7
272,2021-08-15 11:07:09,Morgen-Workout,25,13096.75,142.5,7,76.5
273,2021-08-17 14:38:44,Nachmittags-Workout,24,17406.25,120.0,7,86.8
274,2021-08-19 12:07:54,Morgen-Workout,24,12761.75,145.66666666666666,7,82.9
275,2021-08-20 14:37:16,Nachmittags-Workout,27,20316.25,152.0,8,83.4
276,2021-08-23 14:31:45,Morgen-Workout,24,8814.0,80.0,7,72.1
277,2021-08-25 19:32:16,Nachmittags-Workout,23,30001.5,280.0,7,67.0
278,2021-08-26 12:47:20,Morgen-Workout,22,8187.0,83.33333333333333,6,66.6
279,2021-08-30 13:25:48,Nachmittags-Workout,26,20317.5,155.16666666666666,7,83.9
280,2021-09-02 13:52:55,Morgen-Workout,24,9591.75,93.33333333333333,7,75.8
281,2021-09-05 11:04:42,Morgen-Workout,26,10898.25,99.99999999999999,7,82.1
282,2021-09-06 14:08:30,Nachmittags-Workout,27,29161.5,306.66666666666663,8,96.0
283,2021-09-08 09:15:34,Morgen-Workout,23,9014.75,100.0,6,75.4
284,2021-09-10 12:02:24,Nachmittags-Workout,24,19321.25,158.33333333333331,6,79.4
285,2021-09-12 13:12:27,Morgen-Workout,26,11792.75,106.66666666666666,7,80.4
286,2021-09-14 13:28:11,Nachmittags-Workout,23,24673.0,308.0,6,85.1
287,2021-09-15 14:45:29,Morgen-Workout,22,9178.25,109.33333333333334,6,76.1
288,2021-09-17 18:08:31,Abend-Workout,22,9189.5,101.33333333333333,5,77.2
289,2021-09-20 12:10:52,Nachmittags-Workout,27,27677.5,315.3333333333333,8,84.4
290,2021-09-23 11:08:13,Morgen-Workout,22,7379.0,95.66666666666667,6,75.9
291,2021-09-24 14:03:42,Nachmittags-Workout,28,20567.5,148.83333333333334,7,85.6
292,2021-09-26 12:50:48,Morgen-Workout,24,8334.5,83.33333333333333,7,71.8
293,2021-09-30 10:50:16,Nachmittags-Workout,29,31831.5,308.0,9,83.2
294,2021-10-01 13:27:04,Morgen-Workout,24,7512.0,65.16666666666666,6,72.2
295,2021-10-03 11:21:28,Nachmittags-Workout,24,21665.5,164.5,7,74.2
296,2021-10-05 16:19:26,Morgen-Workout,18,5997.5,93.33333333333333,5,54.8
297,2021-10-07 15:22:14,Nachmittags-Workout,23,19229.25,161.5,7,79.6
298,2021-10-08 13:36:36,Morgen-Workout,25,12859.5,107.25,7,71.8
299,2021-10-11 14:22:09,Morgen-Workout,26,10911.5,110.0,7,80.6
300,2021-10-12 14:24:58,Nachmittags-Workout,23,20827.25,168.41666666666666,7,66.3
301,2021-10-15 15:20:07,Morgen-Workout,18,5751.0,68.33333333333333,5,61.9
302,2021-10-16 13:05:22,Nachmittags-Workout,23,25231.5,273.3333333333333,7,78.4
303,2021-10-31 13:26:23,Mittags-Workout,22,13927.5,150.33333333333334,6,73.6
304,2021-11-02 13:38:44,Mittags-Workout,23,18423.75,142.5,7,62.3
305,2021-11-05 13:06:20,Morgen-Workout,19,5640.75,77.73333333333333,6,65.2
306,2021-11-07 16:39:25,Nachmittags-Workout,21,16573.75,152.0,7,70.2
307,2021-11-09 14:51:16,Morgen-Workout,22,9630.0,100.0,6,70.9
308,2021-11-11 15:19:48,Nachmittags-Workout,26,17912.5,136.66666666666666,7,74.0
309,2021-11-13 13:55:38,Morgen-Workout,21,5391.75,44.8,6,57.5
310,2021-11-15 12:51:28,Nachmittags-Workout,19,16948.75,153.33333333333331,6,70.0
311,2021-11-16 16:20:20,Morgen-Workout,21,10741.75,104.0,6,68.0
312,2021-11-30 12:20:46,Home Workout 2.0,18,4260.0,38.13333333333333,6,68.3
313,2021-12-03 15:11:09,Home Workout 2.0,18,4522.0,36.666666666666664,6,62.0
315,2022-01-08 17:15:07,Nachmittags-Workout,17,2522.0,36.666666666666664,6,51.2
316,2022-01-14 12:04:29,Mittags-Workout,23,15285.0,210.0,7,60.8
317,2022-01-18 09:19:40,Nachmittags-Workout,23,17988.25,215.0,6,65.3
318,2022-01-21 11:50:33,Morgen-Workout,24,11210.0,220.00000000000003,7,62.3
319,2022-01-24 14:33:15,Legs/Back/Biceps,26,14519.5,93.33333333333333,8,68.6
320,2022-01-26 12:38:23,Morgen-Workout,22,5244.0,90.0,6,64.4
321,2022-01-28 12:38:15,Legs/Back/Biceps 2,27,22572.0,243.66666666666666,8,72.0
322,2022-01-30 17:46:36,Morgen-Workout,23,6681.5,93.33333333333333,6,61.2
323,2022-02-01 10:33:52,Legs/Back/Biceps,28,20722.5,243.66666666666666,8,76.9
324,2022-02-03 09:18:53,Morgen-Workout,25,6409.0,55.5,7,67.0
325,2022-02-06 10:54:52,Legs/Back/Biceps 2,29,21609.5,273.3333333333333,9,74.8
326,2022-02-08 10:53:31,Morgen-Workout,26,8706.0,97.5,7,68.0
327,2022-02-10 11:50:14,Legs/Back/Biceps,30,23953.0,229.99999999999997,8,77.8
328,2022-02-12 12:13:35,Morgen-Workout,26,9456.5,101.33333333333333,7,67.7
329,2022-02-16 11:18:52,Legs/Back/Biceps,27,28170.0,287.0,8,89.3
330,2022-02-18 14:34:55,Morgen-Workout,22,7001.0,101.33333333333333,6,78.4
331,2022-02-21 13:41:29,Legs/Back/Biceps,30,20465.5,145.66666666666666,8,82.8
332,2022-02-23 13:08:00,Morgen-Workout,25,7566.5,57.166666666666664,7,70.2
333,2022-02-25 12:35:10,Legs/Back/Biceps,29,24546.5,266.66666666666663,8,85.7
334,2022-02-27 14:47:03,Morgen-Workout,25,8116.0,62.99999999999999,7,66.1
335,2022-03-01 14:00:49,Legs/Back/Biceps,29,26352.5,286.6666666666667,9,88.6
336,2022-03-03 10:53:09,Morgen-Workout,26,9251.75,102.0,7,71.5
337,2022-03-05 10:19:46,Legs/Back/Biceps,23,14237.5,120.0,6,77.4
338,2022-03-06 16:46:49,Morgen-Workout,25,7420.0,60.0,7,67.6
339,2022-03-09 10:31:02,Morgen-Workout,27,24368.5,266.66666666666663,7,82.4
340,2022-03-10 11:14:36,Morgen-Workout,25,8484.75,66.0,7,69.0
341,2022-03-12 13:35:15,Morgen-Workout,24,20712.0,266.66666666666663,6,77.0
342,2022-03-13 10:49:13,Morgen-Workout,22,8157.5,101.33333333333333,6,73.8
343,2022-03-17 10:44:30,Morgen-Workout,27,21025.0,273.3333333333333,7,89.4
344,2022-03-18 15:54:54,Morgen-Workout,18,4509.0,48.733333333333334,5,68.0
345,2022-03-24 11:07:33,Morgen-Workout,26,21525.0,153.75,7,81.8
346,2022-03-25 13:09:45,Morgen-Workout,26,7885.5,61.5,7,70.2
347,2022-03-28 11:53:05,Morgen-Workout,27,20903.75,266.66666666666663,7,86.1
348,2022-03-30 10:37:07,Morgen-Workout,23,6171.0,58.5,6,87.0
349,2022-04-01 16:00:16,Morgen-Workout,22,18381.0,266.66666666666663,6,83.0
350,2022-04-06 09:47:33,Morgen-Workout,21,8022.75,84.5,6,66.2
351,2022-04-07 18:52:14,Morgen-Workout,18,17087.0,266.66666666666663,5,60.4
352,2022-04-09 11:03:36,Morgen-Workout,21,6040.0,57.333333333333336,6,67.8
353,2022-04-11 09:59:29,Morgen-Workout,23,24946.0,280.0,6,83.2
354,2022-04-13 10:00:10,Morgen-Workout,22,8157.0,101.33333333333333,6,77.2
355,2022-04-15 12:27:50,Morgen-Workout,21,10223.0,112.5,5,79.4
356,2022-04-17 14:57:41,Nachmittags-Workout,21,10018.75,92.25,6,67.3
357,2022-04-19 12:22:15,Mittags-Workout,25,18366.75,157.16666666666666,7,71.2
358,2022-04-21 11:49:05,Morgen-Workout,21,6829.75,64.5,6,67.0
359,2022-04-25 11:08:29,Morgen-Workout,25,15619.0,161.33333333333334,7,81.2
360,2022-04-28 09:53:43,Morgen-Workout,21,5871.0,48.0,6,69.1
361,2022-04-29 14:21:49,Legs/Back/Biceps,25,19635.0,161.33333333333334,7,74.8
363,2022-05-03 14:54:48,Morgen-Workout,28,18710.0,153.33333333333331,8,80.2
364,2022-05-04 11:34:09,Morgen-Workout,22,7671.5,80.5,6,69.8
365,2022-05-06 10:52:31,Morgen-Workout,32,27743.0,158.33333333333331,9,98.4
366,2022-05-07 11:02:35,Morgen-Workout,22,9621.5,101.33333333333333,6,64.1
367,2022-05-09 10:23:39,Morgen-Workout,28,21002.75,157.66666666666666,8,87.4
368,2022-05-10 11:34:45,Morgen-Workout,28,9575.5,86.25,8,82.4
369,2022-05-12 11:39:34,Morgen-Workout,28,16535.75,161.33333333333334,8,93.3
370,2022-05-13 10:54:15,Morgen-Workout,29,10442.5,101.33333333333333,8,82.2
371,2022-05-15 11:09:24,Morgen-Workout,21,11617.5,114.0,6,60.5
372,2022-05-16 10:21:46,Morgen-Workout,22,25387.5,164.66666666666669,7,69.0
373,2022-05-17 14:31:27,Morgen-Workout,22,9371.25,101.33333333333333,6,76.2
374,2022-05-19 08:12:30,Morgen-Workout,29,22468.5,164.5,8,86.1
375,2022-05-20 10:29:32,Morgen-Workout,21,5711.5,65.0,6,73.1
376,2022-05-23 11:26:36,Push 1,22,7533.5,102.0,6,67.5
377,2022-05-24 10:30:27,Pull 1,20,5428.5,104.0,6,60.9
378,2022-05-25 10:52:02,Legs 1,24,21257.5,157.16666666666666,6,74.3
379,2022-05-27 10:53:32,Push 2 Delt Focus,17,5429.25,84.0,5,52.9
380,2022-05-28 10:47:19,Pull 2,19,10122.0,95.66666666666667,6,57.3
381,2022-05-31 09:49:38,Legs 2,21,18438.0,160.0,6,71.1
382,2022-06-01 09:14:17,Push 1,22,6993.5,102.0,6,75.2
383,2022-06-02 10:42:26,Pull 1,20,6074.5,106.66666666666666,6,61.6
384,2022-06-06 10:14:28,Legs 1,24,22937.5,168.0,6,86.2
385,2022-06-07 10:15:24,Push 2 Delt Focus,21,7332.0,82.0,6,73.3
386,2022-06-08 10:18:51,Pull 2,20,10039.25,100.33333333333333,6,68.9
387,2022-06-10 15:45:03,Legs 2,21,21980.0,162.5,6,70.6
388,2022-06-11 16:10:19,Push 1,22,5678.75,64.5,6,69.2
389,2022-06-13 10:37:27,Pull 1,20,6846.25,93.16666666666667,6,60.8
390,2022-06-14 12:47:15,Legs 1,21,18355.0,162.5,6,75.2
391,2022-06-15 09:43:03,Push 2 Delt Focus,21,6850.75,95.66666666666667,6,73.6
392,2022-06-17 14:26:10,Pull 2,23,11830.0,100.33333333333333,7,76.3
393,2022-06-18 10:07:48,Legs 2,20,20575.0,162.5,6,73.3
394,2022-06-19 11:00:08,Push 1,21,7342.25,101.33333333333333,6,60.0
395,2022-06-21 13:47:26,Pull 1,20,7379.0,106.66666666666666,6,74.5
396,2022-06-22 16:22:18,Legs 1,17,21562.5,260.0,5,51.8
397,2022-06-24 09:42:52,Push 1,21,7657.75,106.66666666666666,6,65.9
398,2022-06-25 11:15:11,Pull 2,18,11398.5,114.66666666666667,5,57.1
399,2022-06-30 13:48:20,Pull 2,23,13746.25,118.25,7,70.0
400,2022-07-01 10:28:27,Legs 1,24,25475.0,158.33333333333331,7,79.5
401,2022-07-02 09:56:53,Push 1,23,8035.0,109.33333333333334,6,76.2
402,2022-07-04 10:18:54,Pull 2,24,9893.25,101.33333333333333,7,75.7
403,2022-07-06 10:21:45,Push 1,22,7454.75,107.66666666666666,6,71.1
404,2022-07-07 10:15:26,Pull 1,20,9844.0,112.0,6,80.8
406,2022-07-10 14:08:42,Nachmittags-Workout,18,5938.25,66.0,5,58.1
407,2022-07-11 16:06:08,Pull 2,21,9963.5,100.33333333333333,6,65.0
409,2022-07-14 15:02:58,Push 1,20,7809.25,109.33333333333334,6,67.4
410,2022-07-16 10:37:53,Pull 2,21,11639.0,117.0,6,63.1
411,2022-07-18 11:25:46,Push 1,24,7154.75,110.5,6,76.2
412,2022-07-19 10:21:03,Pull 2,21,9652.0,102.66666666666667,6,69.0
413,2022-07-22 10:56:33,Nachmittags-Workout,22,9062.75,102.66666666666667,6,76.9
414,2022-07-26 10:49:41,Pull 2,21,13044.5,120.0,6,72.1
415,2022-07-27 11:28:45,Push 1,20,8100.0,106.66666666666666,5,69.3
416,2022-08-02 10:34:12,Pull 2,21,8009.0,56.666666666666664,6,76.5
417,2022-08-03 13:19:20,Push 29.08,19,6721.0,104.83333333333334,5,65.9
418,2022-08-08 10:31:59,Morgen-Workout,22,11251.5,114.66666666666667,6,62.7
419,2022-08-09 10:48:30,Nachmittags-Workout,18,5338.0,60.0,5,55.7
420,2022-08-16 10:32:59,Morgen-Workout,18,9940.5,102.66666666666667,5,55.4
421,2022-08-18 11:26:53,Push 1,18,6486.25,99.16666666666667,5,58.8
422,2022-08-21 11:20:22,Morgen-Workout,23,12644.0,106.66666666666666,7,75.9
423,2022-08-24 10:03:11,Push 1,18,10695.0,104.83333333333334,5,65.2
424,2022-08-31 10:55:40,Push 29.08,24,13608.25,114.83333333333333,7,68.8
425,2022-09-02 14:02:13,Pull 29.08,22,8928.0,90.0,7,75.7
426,2022-09-04 10:45:50,Push 29.08,21,9221.0,106.66666666666666,6,62.0
427,2022-09-07 10:17:13,Pull 29.08,19,7745.0,102.66666666666667,6,51.2
428,2022-09-09 11:17:16,Push 29.08,29,20570.0,141.66666666666666,8,78.7
429,2022-09-11 11:03:09,Pull 29.08,23,12252.0,109.66666666666667,7,65.6
430,2022-09-13 13:41:37,Push 29.08,24,10459.25,120.83333333333333,7,83.6
431,2022-09-14 11:08:50,Pull 29.08,23,14698.0,112.0,7,91.5
432,2022-09-16 11:30:37,Push 29.08,25,10633.0,122.66666666666666,7,74.1
433,2022-09-18 17:00:49,Pull 29.08,25,14058.0,112.0,7,64.8
434,2022-09-19 10:50:15,Push 29.08,23,10200.0,107.66666666666666,6,77.6
435,2022-09-23 10:09:37,Pull 29.08,28,15002.75,106.66666666666666,8,78.3
436,2022-09-24 19:15:04,Push 29.08,27,17399.25,136.0,8,74.7
437,2022-09-26 11:38:24,Pull 29.08,30,22114.9,141.66666666666666,9,81.6
438,2022-09-27 14:38:01,Push 29.08,27,18162.25,125.99999999999999,8,90.1
439,2022-09-29 14:07:59,Pull 29.08,24,13454.0,120.0,7,76.8
440,2022-10-01 11:17:10,Push 29.08,28,22153.5,158.33333333333331,8,76.8
441,2022-10-04 16:28:09,Pull 29.08,27,14933.0,120.0,8,65.4
442,2022-10-05 14:22:23,Push 29.08,28,19280.0,130.33333333333331,8,87.4
443,2022-10-08 10:35:41,Pull 29.08,29,17816.5,125.99999999999999,8,84.4
444,2022-10-09 09:12:39,Push 29.08,29,21529.4,185.81333333333333,8,92.7
445,2022-10-11 09:39:30,Pull 29.08,24,19936.0,183.33333333333331,7,81.5
447,2022-10-16 12:36:57,Pull 29.08,24,24967.0,198.0,7,81.0
448,2022-10-19 15:01:25,Push 29.08,24,15900.0,123.5,7,77.9
449,2022-10-21 12:29:35,Pull 29.08,24,15002.0,125.99999999999999,7,78.6
450,2022-10-23 18:04:39,Push 29.08,19,7487.75,112.0,5,50.5
451,2022-10-24 15:22:56,Pull 29.08,17,11058.0,112.0,4,49.7
452,2022-11-14 17:05:18,Pull 29.08,18,7546.5,91.66666666666667,5,50.3
453,2022-11-16 19:03:29,Push 29.08,28,21369.0,170.83333333333331,8,64.8
454,2022-11-19 14:20:53,Pull 29.08,22,17421.0,123.0,6,63.2
455,2022-11-21 17:53:09,Push 29.08,20,11261.5,122.49999999999999,5,61.8
456,2022-11-25 14:36:07,Pull 29.08,27,16362.0,129.0,7,77.3
457,2022-11-26 14:40:10,Push 29.08,24,15414.5,145.66666666666666,7,69.9
458,2022-11-28 20:34:13,Pull 29.08,26,15969.25,132.0,7,67.6
459,2022-11-30 16:18:50,Push 29.08,24,13737.5,164.0,6,67.7
460,2022-12-14 13:39:57,Push 29.08,22,7617.5,101.33333333333333,6,87.6
461,2022-12-16 19:03:41,Pull 29.08,26,13331.0,123.0,7,71.8
462,2022-12-19 10:02:05,Push 29.08,29,15067.5,125.41666666666667,7,90.4
463,2022-12-21 10:58:42,Pull 29.08,23,14710.75,120.0,6,77.6
465,2022-12-26 15:18:50,Pull 29.08,30,16364.5,114.66666666666667,8,77.2
466,2022-12-27 10:39:57,Push 29.08,31,24827.0,170.83333333333331,8,84.5
467,2022-12-29 10:23:21,Pull 29.08,26,16291.0,114.0,6,80.1
468,2022-12-31 11:05:33,Push 29.08,22,13644.0,153.75,6,72.5
469,2023-01-02 11:48:35,Pull 29.08,30,18647.0,114.66666666666667,8,75.0
470,2023-01-04 12:15:47,Push 29.08,25,21663.0,266.3333333333333,7,96.8
471,2023-01-06 19:30:08,Pull 29.08,31,18644.0,114.66666666666667,8,77.3
472,2023-01-07 15:46:57,Push 29.08,26,15053.5,153.75,7,82.1
473,2023-01-10 11:09:37,Pull 29.08,21,14740.0,106.66666666666666,5,61.6
474,2023-01-12 19:39:59,Push 29.08,26,18537.5,153.75,7,68.6
475,2023-01-14 10:11:32,Pull 29.08,31,18382.0,112.0,8,77.7
476,2023-01-16 11:08:33,Push 29.08,25,12484.0,153.75,7,77.1
477,2023-01-18 15:30:46,Pull 29.08,26,17881.5,120.0,7,67.1
478,2023-01-20 16:03:52,Push 29.08,22,12320.0,165.0,6,77.5
479,2023-01-22 16:52:13,Pull 29.08,26,17989.5,117.33333333333334,6,73.9
480,2023-01-24 11:37:07,Push 29.08,25,23379.5,293.33333333333337,7,70.6
481,2023-01-26 14:58:14,Pull 29.08,30,29841.25,177.66666666666669,8,88.0
482,2023-01-28 15:16:18,Push 29.08,26,14500.0,160.58333333333334,7,94.3
483,2023-01-30 12:16:30,Pull 29.08,27,17536.0,125.99999999999999,7,73.2
484,2023-02-05 13:36:33,Push 29.08,26,16864.25,164.0,7,79.2
485,2023-02-08 12:26:13,Pull 29.08,26,17623.25,122.66666666666666,7,72.1
486,2023-02-10 12:25:31,Push 29.08,30,20606.25,160.58333333333334,8,93.5
487,2023-02-12 13:46:46,Pull 29.08,29,25645.5,183.33333333333331,8,77.5
488,2023-02-15 12:24:22,Push 29.08,31,18613.0,164.0,8,87.2
489,2023-02-18 11:52:21,Pull 29.08,28,14541.0,98.0,7,84.7
490,2023-02-20 19:23:08,Push 29.08,20,7052.25,106.66666666666666,5,63.6
491,2023-03-08 12:16:10,Mittags-Workout,28,17112.5,150.33333333333334,7,81.6
492,2023-03-10 12:24:14,Pull 29.08,26,13655.5,103.49999999999999,7,72.6
494,2023-03-16 12:15:14,Mittags-Workout,24,6913.75,106.66666666666666,6,69.3
495,2023-03-20 12:41:10,Mittags-Workout,24,10367.75,112.0,7,78.6
496,2023-03-23 12:57:07,Legs 1,19,14725.0,136.66666666666666,5,66.7
497,2023-03-25 13:19:11,Mittags-Workout,23,7553.25,106.66666666666666,6,64.1
498,2023-03-26 17:55:21,Mittags-Workout,25,10350.0,112.0,7,71.6
499,2023-03-28 14:38:46,Legs 1,25,20500.0,139.33333333333334,7,75.0
500,2023-03-30 14:13:13,Mittags-Workout,25,7448.25,54.66666666666667,6,70.4
501,2023-03-31 19:17:53,Abend-Workout,24,19292.5,145.66666666666666,7,62.9
502,2023-04-01 12:15:44,Mittags-Workout,22,14265.5,115.49999999999999,6,62.1
503,2023-04-04 15:06:38,Abend-Workout,24,18703.5,153.33333333333331,7,76.0
504,2023-04-05 15:09:47,Mittags-Workout,22,8022.0,109.33333333333334,6,67.5
505,2023-04-07 11:23:41,Mittags-Workout,23,16123.25,115.49999999999999,6,71.4
506,2023-04-10 10:09:15,Abend-Workout,26,25704.5,170.83333333333331,8,67.4
507,2023-04-12 16:10:01,Mittags-Workout,19,9215.0,106.66666666666666,5,57.4
508,2023-04-18 15:49:24,Pull,28,13648.5,109.66666666666667,7,89.2
509,2023-05-01 13:33:19,Pull,23,11573.5,102.66666666666667,6,68.0
510,2023-05-04 13:44:06,Mittags-Workout,29,19804.5,157.16666666666666,8,87.8
511,2023-05-08 16:03:18,Pull,24,13454.0,112.0,6,84.4
512,2023-05-11 13:16:05,Mittags-Workout,29,16653.5,150.5,8,92.6
513,2023-05-14 19:19:08,Pull,25,16568.0,117.0,7,66.9
514,2023-05-15 14:39:14,Mittags-Workout,34,21798.5,148.83333333333331,9,90.4
515,2023-05-17 18:56:14,Pull,27,25211.0,129.0,7,76.6
516,2023-05-20 17:45:44,Mittags-Workout,22,10882.0,106.66666666666666,6,53.0
517,2023-05-23 14:12:54,Nachmittags-Workout,17,13335.0,129.0,4,66.2
518,2023-05-26 19:51:32,Abend-Workout,27,16401.0,160.58333333333334,8,66.5
519,2023-05-29 11:41:01,Morgen-Workout,24,18265.0,130.66666666666666,7,63.8
520,2023-06-14 17:28:43,Nachmittags-Workout,25,11995.5,122.66666666666666,7,65.7
521,2023-06-18 19:33:09,Abend-Workout,29,20232.5,154.0,8,66.6
522,2023-06-22 10:40:08,Leg Emphasis,29,17669.0,102.5,8,82.3
523,2023-06-29 14:09:56,Nachmittags-Workout,26,13822.0,114.0,7,86.8
524,2023-07-02 12:17:16,Abend-Workout,29,21067.5,165.0,8,89.3
525,2023-07-04 11:12:11,Leg Emphasis,29,19320.5,107.33333333333333,8,83.8
526,2023-07-07 11:13:39,Pull Emphasis,25,12457.5,123.0,7,68.8
527,2023-07-09 18:56:26,Push Emphasis,30,22982.5,172.5,8,76.7
528,2023-07-11 14:08:14,Leg Emphasis,26,18236.5,116.66666666666666,7,86.9
529,2023-07-13 17:30:52,Pull Emphasis,26,16899.5,126.66666666666666,7,85.4
530,2023-07-16 10:22:18,Push Emphasis,27,21075.5,172.33333333333334,7,75.3
531,2023-08-08 17:22:56,Push Emphasis,21,12682.0,167.41666666666666,6,63.3
532,2023-08-19 10:12:09,Pull Emphasis,18,10220.0,117.0,5,67.8
533,2023-08-23 11:42:19,Leg Emphasis,19,12502.0,120.0,5,65.0
534,2023-08-25 11:38:41,Pull Emphasis,21,9053.5,117.0,6,57.0
535,2023-08-27 10:55:16,Push Emphasis,24,17966.5,172.33333333333334,7,82.6
536,2023-09-04 11:17:16,Leg Emphasis,26,16654.5,122.66666666666666,7,84.1
537,2023-09-08 11:58:51,Pull Emphasis,27,6944.0,84.0,7,71.5
538,2023-09-17 13:33:44,Mittags-Workout,24,12664.5,117.0,7,65.4
539,2023-09-20 10:29:15,Morgen-Workout,25,10302.0,107.33333333333333,6,82.9
540,2023-09-22 12:39:49,Mittags-Workout,26,11757.5,106.66666666666666,7,72.4
541,2023-10-02 09:44:45,Mittags-Workout,21,12236.5,117.0,6,59.5
542,2023-10-06 08:02:39,Morgen-Workout,23,9552.0,98.0,6,53.9
543,2023-10-09 20:03:49,Mittags-Workout,26,12926.75,122.66666666666666,7,65.9
544,2023-10-11 15:13:01,Nachmittags-Workout,29,15723.5,107.33333333333333,8,78.2
545,2023-10-13 16:08:57,Mittags-Workout,25,12182.5,117.33333333333334,7,82.2
546,2023-10-16 19:40:30,Nachmittags-Workout,28,26645.5,282.0,7,67.6
548,2023-10-24 11:20:36,Nachmittags-Workout,26,16986.5,172.33333333333334,6,65.8
549,2023-10-26 12:14:03,Mittags-Workout,26,11844.75,129.0,7,72.7
550,2023-10-29 14:47:52,Nachmittags-Workout,24,15692.0,172.33333333333334,6,57.8
551,2023-10-30 12:08:49,Mittags-Workout,25,11976.5,129.0,7,77.3
552,2023-11-02 11:00:40,Nachmittags-Workout,25,13026.0,109.66666666666667,6,66.7
553,2023-11-06 09:20:41,Mittags-Workout,25,11949.5,112.0,7,73.8
554,2023-11-13 19:19:30,Abend-Workout,20,12462.0,125.99999999999999,4,56.4
555,2023-12-05 14:45:50,Nachmittags-Workout,22,13135.75,120.0,6,71.0
556,2023-12-13 10:11:01,Nachmittags-Workout,21,9671.0,123.0,6,84.4
557,2023-12-17 12:35:58,Mittags-Workout,20,8033.25,98.0,6,67.6
558,2023-12-20 12:11:41,Nachmittags-Workout,25,10350.5,102.66666666666667,7,59.8
559,2024-01-07 17:14:19,Nachmittags-Workout,18,4862.5,62.99999999999999,5,87.5
560,2024-01-11 15:39:25,Nachmittags-Workout,21,3854.5,40.733333333333334,6,65.6
561,2024-01-14 19:09:34,Abend-Workout,24,8593.75,98.0,6,67.2
562,2024-01-16 14:16:51,Nachmittags-Workout,28,12601.5,95.33333333333334,7,74.2
563,2024-01-18 14:00:43,Nachmittags-Workout,21,6654.5,86.33333333333334,5,61.9
564,2024-01-21 13:14:41,Mittags-Workout,24,12544.75,112.0,6,70.3
565,2024-01-23 12:15:48,Mittags-Workout,31,14308.0,100.33333333333333,7,77.4
566,2024-01-25 12:53:36,Nachmittags-Workout,21,6686.0,95.66666666666667,5,70.5
567,2024-01-27 20:44:57,Abend-Workout,24,12915.75,120.0,6,69.0
568,2024-01-28 16:43:19,Mittags-Workout,35,11022.0,100.33333333333333,7,84.0
569,2024-02-15 12:59:04,Push 1,29,9143.0,93.33333333333333,7,79.4
570,2024-02-16 11:18:05,Pull 1,23,9579.0,102.66666666666667,7,82.6
572,2024-02-22 14:11:41,Pull 2,20,9485.0,88.0,6,85.4
574,2024-02-27 14:09:06,Pull 1,24,10306.5,100.33333333333333,7,90.4
576,2024-03-04 13:11:05,Pull 2,23,13303.5,122.66666666666666,6,71.6
577,2024-03-06 12:57:49,Push 1,30,13269.25,100.33333333333333,7,99.9
578,2024-03-07 12:12:06,Pull 1,26,12234.5,105.0,7,78.9
579,2024-03-10 11:38:06,Push 2,29,18183.75,142.91666666666666,7,93.7
580,2024-03-12 12:49:54,Pull 2,28,16127.25,92.0,7,87.7
581,2024-03-14 18:00:16,Push 1,27,12767.0,102.66666666666667,6,89.3
582,2024-03-17 18:53:23,Pull 1,26,12716.25,105.0,7,76.7
584,2024-03-21 11:07:48,Pull 2,28,19272.5,116.66666666666666,7,89.1
586,2024-03-25 18:42:33,Pull 1,27,19201.5,123.33333333333333,7,85.8
587,2024-03-26 17:48:38,Push 2,27,18782.0,157.16666666666666,7,96.1
588,2024-03-29 10:15:09,Pull 2,27,15297.75,99.66666666666666,7,95.0
589,2024-04-01 13:23:44,Push 1,31,15820.5,107.5,7,99.9
590,2024-04-04 17:21:40,Pull 1,31,17367.5,110.00000000000001,8,94.2
591,2024-04-07 19:42:44,Push 2,24,19519.5,160.58333333333334,6,69.2
592,2024-04-08 16:07:55,Pull 2,23,14097.5,126.41666666666667,6,91.6
594,2024-04-13 13:21:47,Pull 1,22,17971.0,129.5,6,67.8
595,2024-04-16 17:31:53,Nachmittags-Workout,27,35145.0,183.33333333333331,6,72.0
596,2024-04-18 18:37:24,Abend-Workout,21,14226.25,88.16666666666666,6,59.3
597,2024-04-23 13:39:42,Push 1,26,17370.0,98.0,7,69.7
598,2024-04-25 13:44:10,Pull 1,23,14120.0,88.0,7,62.8
599,2024-04-28 12:59:55,Neue Workout-Vorlage,23,14101.0,133.0,6,69.7
600,2024-04-29 16:44:54,Upper 1(chest),28,9977.25,91.66666666666667,7,83.2
601,2024-05-01 12:07:12,Lower(2),27,22965.0,152.0,7,77.6
602,2024-05-03 15:29:51,Upper 2(back),29,15098.5,109.33333333333334,7,97.9
604,2024-05-04 16:59:08,Lower(1),26,15810.0,140.0,7,85.3
605,2024-05-06 15:02:02,Upper 1(chest),27,10098.0,99.66666666666666,7,82.6
607,2024-05-09 15:16:40,Lower(2),27,24920.0,162.49999999999997,7,82.8
608,2024-05-10 14:29:45,Upper 2(back),29,15148.5,114.66666666666667,8,92.2
610,2024-05-12 13:50:36,Lower(1),23,18397.5,146.66666666666669,6,69.4
611,2024-05-14 16:44:44,Upper 1(chest),26,9137.5,95.33333333333334,7,99.4
613,2024-05-16 16:07:41,Lower(2),28,27162.5,165.75,7,91.4
614,2024-05-21 15:27:29,Upper 2(back),28,15699.5,114.66666666666667,7,73.1
616,2024-05-23 17:13:01,Lower(1),25,20445.0,153.33333333333331,6,79.0
617,2024-05-26 17:47:54,Upper 1(chest),27,16161.5,120.0,7,83.3
619,2024-05-28 17:01:14,Lower(2),19,14681.5,107.33333333333333,4,60.3
620,2024-05-30 17:16:19,Upper 2(back),28,15585.5,125.99999999999999,7,66.0
621,2024-06-03 15:30:05,Upper 1(chest),29,17799.0,164.0,7,94.0
622,2024-06-07 13:41:39,Mittags-Workout,28,17545.0,132.0,7,76.0
624,2024-06-14 14:23:12,Upper 2(back),24,16795.0,157.16666666666666,6,78.2
625,2024-06-15 15:05:16,Nachmittags-Workout,19,20894.5,167.41666666666666,5,78.0
627,2024-06-20 15:18:51,Nachmittags-Workout,21,24677.5,164.0,5,72.6
628,2024-06-21 15:03:41,Upper 2(back),29,14506.0,120.0,7,79.7
629,2024-06-23 13:16:37,Nachmittags-Workout,25,28140.0,160.58333333333334,6,76.1
630,2024-06-25 11:27:09,Upper 1(chest),28,13718.5,120.0,7,76.9
631,2024-06-26 12:29:44,Nachmittags-Workout,23,24367.5,157.16666666666666,6,79.5
633,2024-07-06 17:24:10,Upper 1(chest),26,12266.5,117.33333333333334,7,81.9
634,2024-07-08 14:02:14,Nachmittags-Workout,22,22060.0,162.49999999999997,6,95.8
635,2024-07-10 12:12:42,Upper 2(back),28,13968.75,117.33333333333334,7,77.4
636,2024-07-13 15:01:35,Nachmittags-Workout,25,23142.5,170.83333333333331,6,87.8
637,2024-07-15 14:20:27,Nachmittags-Workout,26,10228.5,111.16666666666666,7,86.8
638,2024-07-17 18:17:17,Nachmittags-Workout,24,24975.0,170.83333333333331,6,78.4
639,2024-07-19 11:28:00,Upper 1(chest),26,10365.25,122.66666666666666,7,96.5
640,2024-07-21 12:42:33,Nachmittags-Workout,24,22630.0,170.83333333333331,6,75.7
641,2024-07-22 15:42:44,Upper 1(chest),28,6110.0,50.0,7,88.4
642,2024-07-24 13:11:47,Nachmittags-Workout,21,22272.5,168.66666666666666,5,84.8
643,2024-07-26 17:39:43,Upper 1(chest),27,11112.5,126.49999999999999,7,88.0
644,2024-07-29 11:45:12,Nachmittags-Workout,24,26790.0,183.33333333333331,6,77.1
645,2024-07-30 11:00:25,Upper 1(chest),29,8546.0,60.0,7,76.8
646,2024-08-02 14:00:26,Nachmittags-Workout,21,20192.5,195.83333333333331,5,71.5
647,2024-08-03 15:52:55,Upper 1(chest),27,8226.75,62.99999999999999,6,83.0
648,2024-08-05 12:52:40,Nachmittags-Workout,23,20485.0,133.33333333333331,5,78.6
651,2024-08-13 18:28:32,Abend-Workout,21,7319.0,73.33333333333334,6,66.8
652,2024-08-14 16:28:13,Nachmittags-Workout,19,8199.25,114.66666666666667,5,74.2
653,2024-08-16 14:38:24,Nachmittags-Workout,25,30085.0,207.58333333333331,6,98.3
654,2024-08-17 15:00:48,Abend-Workout,24,9316.0,55.58333333333333,6,70.2
655,2024-08-26 15:52:07,Nachmittags-Workout,18,6084.25,81.26666666666667,5,59.5
656,2024-08-29 11:26:42,Morgen-Workout,16,16332.5,195.83333333333331,4,53.6
657,2024-09-03 14:20:18,Nachmittags-Workout,23,6061.25,53.16666666666667,6,78.4
658,2024-09-04 11:41:08,Nachmittags-Workout,23,6440.79,53.33333333333333,6,71.7
659,2024-09-06 16:02:04,Morgen-Workout,18,17702.5,136.0,4,70.6
660,2024-09-10 12:02:07,Mittags-Workout,22,8110.25,82.41666666666667,6,60.5
662,2024-09-16 14:32:31,Mittags-Workout,18,8333.5,91.0,5,57.0
663,2024-09-30 14:10:04,Nachmittags-Workout,16,7802.75,109.33333333333334,5,52.4
664,2024-10-03 15:26:01,Nachmittags-Workout,16,5176.0,75.0,4,62.8
665,2024-10-19 11:41:25,Morgen-Workout,21,7287.5,76.66666666666666,6,54.0
666,2024-10-20 11:29:08,Morgen-Workout,15,7962.0,109.33333333333334,5,47.8
667,2024-11-02 13:37:29,Mittags-Workout,22,5696.5,53.083333333333336,6,56.5
669,2024-11-09 12:42:47,Mittags-Workout,19,12307.0,145.66666666666666,6,76.3
670,2024-11-10 11:43:35,Morgen-Workout,21,8468.25,77.0,6,58.6
671,2024-11-13 17:27:25,Morgen-Workout,21,8421.25,112.0,5,64.1
672,2024-11-15 14:49:07,Mittags-Workout,19,11969.5,133.0,5,68.4
673,2024-11-16 13:29:01,Mittags-Workout,23,7324.0,52.5,5,77.5
674,2024-11-19 13:18:45,Mittags-Workout,26,7652.25,62.99999999999999,6,77.4
675,2024-11-20 19:51:39,Mittags-Workout,28,17526.25,143.5,6,81.8
676,2024-11-22 15:21:57,Mittags-Workout,27,7254.0,54.66666666666667,7,75.2
677,2024-11-24 15:52:57,Nachmittags-Workout,23,9230.25,91.0,6,72.8
678,2024-11-28 20:22:03,Abend-Workout,24,11327.75,106.66666666666666,6,69.8
679,2024-11-30 11:42:05,Mittags-Workout,25,25250.0,195.83333333333331,6,78.5
680,2024-12-02 12:17:08,Mittags-Workout,25,7902.75,116.0,6,83.7
681,2024-12-04 20:14:53,Pauls Qualplan 1,22,10562.0,146.66666666666666,7,91.8
682,2024-12-07 15:57:33,Mittags-Workout,26,6499.75,53.83333333333333,6,71.4
683,2024-12-11 12:49:31,Mittags-Workout,29,15185.0,116.0,7,94.6
684,2024-12-12 13:59:07,Mittags-Workout,24,5628.25,50.916666666666664,6,73.7
685,2024-12-15 19:15:38,Mittags-Workout,25,15988.0,180.16666666666666,6,82.3
686,2025-01-04 12:03:05,Pauls Qualplan 1,25,9189.5,146.66666666666666,7,95.3
687,2025-01-08 10:43:55,Pauls Qualplan 2,23,10007.5,96.66666666666666,7,98.3
688,2025-01-12 17:45:30,Pauls Qualplan 1,27,11921.0,150.33333333333334,7,94.3
689,2025-01-27 17:29:46,Nachmittags-Workout,20,3588.5,42.0,6,59.8
690,2025-01-31 18:52:20,Abend-Workout,25,8342.5,136.66666666666666,7,83.0
691,2025-02-02 19:26:31,Abend-Workout,18,3471.0,42.666666666666664,4,61.7
692,2025-02-08 13:48:22,Mittags-Workout,23,18040.0,111.16666666666666,6,78.8
693,2025-02-12 17:38:59,Abend-Workout,24,6722.5,76.66666666666666,6,69.2
694,2025-02-15 16:30:11,Mittags-Workout,27,15399.14,143.5,6,85.2
695,2025-02-19 12:28:44,Abend-Workout,25,7403.75,86.66666666666666,6,67.6
696,2025-02-22 15:35:22,Mittags-Workout,27,15246.67,120.0,6,86.3
697,2025-02-24 13:30:58,Abend-Workout,26,4881.0,42.666666666666664,6,68.6
698,2025-02-26 10:58:42,Mittags-Workout,24,16101.5,140.08333333333334,6,93.5
699,2025-02-28 16:18:10,Abend-Workout,24,5277.0,43.733333333333334,6,76.8
700,2025-03-02 18:43:31,Mittags-Workout,27,18911.5,156.66666666666666,6,81.8
701,2025-03-04 13:59:35,Abend-Workout,25,7642.75,98.0,6,91.7
702,2025-03-06 14:02:34,Mittags-Workout,23,13339.5,114.99999999999999,6,82.9
703,2025-03-08 14:03:21,Nachmittags-Workout,24,7799.75,86.25,6,93.2
704,2025-03-09 19:04:16,Abend-Workout,21,20733.0,225.0,5,85.7
705,2025-03-12 18:23:52,Abend-Workout,23,8558.0,84.33333333333334,6,65.5
706,2025-03-13 12:23:49,Mittags-Workout,26,15916.25,112.0,6,74.7
707,2025-03-16 19:05:54,Abend-Workout,28,6779.75,46.666666666666664,7,86.8
708,2025-03-18 15:24:58,Mittags-Workout,30,26401.25,195.83333333333334,7,88.7
709,2025-03-20 19:39:28,Nachmittags-Workout,24,6351.5,43.733333333333334,6,72.6
710,2025-03-22 12:45:28,Mittags-Workout,20,17225.0,172.0,5,72.0
711,2025-03-23 18:23:31,Nachmittags-Workout,29,6411.0,45.86666666666667,6,71.0
712,2025-03-25 12:49:24,Mittags-Workout,25,16845.5,122.66666666666666,6,94.5
713,2025-03-28 19:03:52,D2 Brust/Schultern/Arme,29,5715.5,53.666666666666664,7,75.0
714,2025-03-29 17:32:51,D1 Beine/Rücken ,26,19959.5,183.33333333333334,7,96.0
715,2025-04-01 16:23:07,D1 Brust/Schultern/Arme,30,7061.0,47.599999999999994,7,85.3
717,2025-04-05 19:39:58,D2 Brust/Schultern/Arme,25,5564.0,49.35,7,83.8
718,2025-04-08 13:15:36,D1 Beine/Rücken ,25,19856.0,168.66666666666666,7,83.5
719,2025-04-09 15:31:03,D1 Brust/Schultern/Arme,30,7626.25,46.46666666666667,7,97.2
720,2025-04-11 17:32:41,D2 Beine/Rücken ,24,15753.0,114.99999999999999,6,94.3
721,2025-04-12 16:32:51,D2 Brust/Schultern/Arme,24,5545.0,54.375,7,86.5
722,2025-04-17 12:58:08,D1 Brust/Schultern/Arme,30,7473.0,46.46666666666667,7,82.0
723,2025-04-18 18:41:49,D1 Beine/Rücken ,24,17507.5,165.0,6,95.0
724,2025-04-21 11:01:06,D2 Brust/Schultern/Arme,24,5641.5,53.666666666666664,7,91.7
725,2025-04-23 14:41:54,D1 Brust/Schultern/Arme,28,7288.5,48.733333333333334,7,92.9
726,2025-04-24 19:40:15,D1 Beine/Rücken ,25,19877.5,172.5,6,95.4
727,2025-04-28 18:53:27,D2 Brust/Schultern/Arme,26,6510.75,58.0,7,77.3
730,2025-05-04 20:21:27,D2 Beine/Rücken ,18,6842.0,80.0,5,61.7
732,2025-05-09 14:18:48,Nachmittags-Workout,21,8513.75,129.0,6,78.4
733,2025-05-10 15:08:23,D2 Beine/Rücken ,21,14886.0,116.0,5,73.4
734,2025-05-12 15:55:26,D1 Brust/Schultern/Arme,24,7202.75,54.375,6,87.9
735,2025-05-14 11:28:58,Morgen-Workout,24,15762.0,152.75,6,82.7
736,2025-05-17 12:49:02,D2 Brust/Schultern/Arme,27,5918.0,40.13333333333333,7,82.3
737,2025-05-19 14:10:18,D2 Beine/Rücken ,24,14915.0,134.16666666666666,6,82.0
738,2025-05-21 17:02:19,D2 Brust/Schultern/Arme,21,5757.25,53.16666666666667,6,77.4
739,2025-05-23 14:54:06,D2 Beine/Rücken ,23,11240.5,134.16666666666666,6,90.7
740,2025-05-27 14:45:10,D2 Brust/Schultern/Arme,27,7628.0,45.86666666666667,7,90.8
741,2025-05-29 12:37:06,D2 Beine/Rücken ,19,12833.5,134.16666666666666,5,76.2
742,2025-05-30 17:10:13,Nachmittags-Workout,19,5919.0,47.599999999999994,5,57.6
743,2025-06-01 17:19:04,D2 Brust/Schultern/Arme,26,6623.75,55.58333333333333,7,80.5
744,2025-06-03 12:23:05,D2 Beine/Rücken ,16,12579.0,135.0,4,62.2
745,2025-06-06 13:24:58,Nachmittags-Workout,19,6139.25,49.866666666666674,5,66.5
746,2025-06-07 13:12:37,D2 Brust/Schultern/Arme,24,6406.25,45.86666666666667,6,82.1
747,2025-06-08 11:28:18,D2 Beine/Rücken ,20,14162.5,136.16666666666666,5,99.3
748,2025-06-11 12:46:19,Nachmittags-Workout,19,6149.0,49.866666666666674,5,77.3
749,2025-06-12 13:42:50,D2 Brust/Schultern/Arme,27,5794.0,44.33333333333333,7,86.3
750,2025-06-14 16:11:42,D2 Beine/Rücken ,16,9308.0,120.0,4,74.7
751,2025-06-15 11:10:09,Nachmittags-Workout,21,7023.25,49.866666666666674,5,76.5
752,2025-06-17 10:49:54,D2 Brust/Schultern/Arme,29,6636.25,42.0,7,77.9
753,2025-06-18 12:34:56,D2 Beine/Rücken ,20,14292.5,136.16666666666666,5,83.4
754,2025-06-20 11:55:30,Nachmittags-Workout,21,6733.75,47.599999999999994,5,83.8
755,2025-06-21 16:07:45,D1 Brust/Schultern/Arme,26,6738.0,48.733333333333334,6,73.0
756,2025-06-23 11:18:41,D2 Beine/Rücken ,22,13097.5,134.16666666666666,5,89.6
758,2025-06-30 10:10:18,D2 Brust/Schultern/Arme,29,6175.5,36.66666666666667,7,75.1
759,2025-07-02 09:05:32,Nachmittags-Workout,20,10501.0,120.0,5,64.4
760,2025-07-04 11:22:18,D2 Brust/Schultern/Arme,29,9641.25,105.0,7,88.6
762,2025-07-08 09:18:31,Nachmittags-Workout,21,6644.75,48.733333333333334,5,73.3
763,2025-07-10 11:02:33,D1 Brust/Schultern/Arme,29,6989.5,48.0,7,85.9
764,2025-07-14 11:13:49,D2 Brust/Schultern/Arme,29,9211.5,106.66666666666666,7,89.3
765,2025-07-16 14:34:21,D2 Beine/Rücken ,25,15500.0,131.25,6,82.6
766,2025-07-17 11:11:53,Nachmittags-Workout,21,12060.75,123.0,5,69.0
768,2025-07-23 12:27:25,Mittags-Workout,28,6746.5,40.13333333333333,7,87.4
769,2025-07-25 11:37:32,D2 Beine/Rücken ,24,14035.0,131.25,6,92.1
770,2025-07-26 21:17:00,D2 Brust/Schultern/Arme,20,6374.5,77.0,5,84.4
771,2025-07-29 10:07:46,Nachmittags-Workout,21,6133.75,45.86666666666667,5,79.0
773,2025-08-06 12:33:32,D2 Beine/Rücken ,21,15495.0,188.0,6,79.5
774,2025-08-07 13:41:11,Nachmittags-Workout,21,10159.25,126.66666666666666,5,85.3
775,2025-08-11 10:57:44,Abend-Workout,23,4822.75,46.46666666666667,6,82.0
778,2025-08-26 14:16:40,Nachmittags-Workout,24,6699.0,52.5,6,78.3
779,2025-08-28 14:08:52,Nachmittags-Workout,19,5756.25,56.0,5,61.2
780,2025-09-10 11:02:09,Morgen-Workout,22,6838.25,86.0,6,88.9
782,2025-09-16 12:26:07,Mittags-Workout,22,6318.25,55.58333333333333,6,53.0
783,2025-09-30 12:15:11,Mittags-Workout,16,4914.0,101.33333333333333,5,87.4
784,2025-10-05 15:33:20,Nachmittags-Workout,21,6496.0,53.33333333333333,5,55.0
785,2025-10-08 12:51:46,Mittags-Workout,22,12074.0,107.66666666666666,6,76.1
786,2025-10-10 11:49:57,Nachmittags-Workout,24,7476.25,63.33333333333333,6,64.9
787,2025-10-14 11:08:49,Morgen-Workout,26,16977.5,172.0,7,94.0
788,2025-10-18 10:57:52,Morgen-Workout,20,7723.75,93.16666666666667,5,64.4
790,2025-10-25 13:47:56,Mittags-Workout,25,12204.0,114.0,6,93.0
791,2025-10-26 11:08:55,Morgen-Workout,23,8162.0,116.66666666666666,6,84.1
792,2025-10-28 13:32:10,Mittags-Workout,25,9534.25,82.25,6,89.6
794,2025-12-01 11:15:55,Morgen-Workout,19,3718.0,42.666666666666664,5,49.0
795,2025-12-04 12:39:59,Mittags-Workout,19,14897.5,120.0,5,73.9
796,2025-12-06 10:40:49,Morgen-Workout,19,5010.0,50.666666666666664,5,56.0
797,2025-12-10 11:57:23,Morgen-Workout,18,10705.0,144.0,6,86.3
798,2025-12-13 18:28:05,Morgen-Workout,24,17287.5,148.83333333333334,6,54.2
799,2025-12-20 11:11:48,Morgen-Workout,25,18837.0,152.0,6,79.0
800,2025-12-22 17:30:35,Nachmittags-Workout,19,5189.0,67.5,5,75.4
802,2025-12-29 16:48:36,Nachmittags-Workout,23,14434.5,152.0,7,64.7
803,2026-01-03 13:45:18,Mittags-Workout,21,6438.0,78.83333333333333,5,83.4
804,2026-01-05 11:13:42,Morgen-Workout,21,10126.25,152.0,6,83.1
805,2026-01-12 11:52:49,Morgen-Workout,25,5565.25,52.0,6,69.3
806,2026-01-14 10:41:22,Morgen-Workout,19,11530.0,152.0,5,58.7
808,2026-01-24 11:29:58,Morgen-Workout,26,8436.0,67.5,7,69.0
809,2026-01-25 12:09:55,Mittags-Workout,18,8505.0,109.33333333333334,5,68.2
810,2026-01-28 20:41:51,Abend-Workout,23,11667.0,110.0,6,58.7
811,2026-01-30 14:12:54,Nachmittags-Workout,21,4598.25,46.46666666666667,5,70.6
812,2026-02-04 11:19:31,Pull 1,27,14299.5,104.66666666666666,7,78.0
813,2026-02-06 12:13:16,Push 2,28,14842.5,152.0,7,79.7
814,2026-02-08 12:04:54,Pull 2,26,11769.25,113.33333333333333,7,73.4
815,2026-02-10 11:21:30,Push 1,24,5333.75,50.666666666666664,6,90.5
816,2026-02-12 12:48:55,Pull 1,27,14695.0,106.60000000000001,7,75.3
817,2026-02-16 20:11:08,Push 2,28,16648.5,145.66666666666666,7,76.5
818,2026-02-18 11:56:29,Pull 1,27,14956.0,106.60000000000001,7,88.2
819,2026-02-20 14:23:09,Push 1,19,4391.0,46.46666666666667,5,71.2
820,2026-02-25 11:02:13,Pull 2,26,11787.5,118.99999999999999,7,79.5
821,2026-02-27 11:22:29,Push 2,24,10980.5,131.25,6,72.2
822,2026-02-28 13:26:42,Pull 1,28,16337.0,109.33333333333333,7,81.6
823,2026-03-03 11:17:43,Morgen-Workout,24,4787.0,46.666666666666664,6,69.5
824,2026-03-05 12:30:48,Mittags-Workout,20,11915.0,112.0,5,67.3
825,2026-03-10 14:05:07,Morgen-Workout,25,16862.5,148.0,6,93.0
826,2026-03-17 11:24:06,Pull 2,23,10154.0,98.0,6,66.8
827,2026-03-24 14:19:05,Nachmittags-Workout,23,15480.0,138.75,6,70.6
828,2026-03-31 12:16:31,Mittags-Workout,22,12166.75,138.75,6,83.5
829,2026-04-03 12:18:45,Mittags-Workout,25,15163.5,138.75,7,80.4
830,2026-04-08 14:02:07,Nachmittags-Workout,23,7607.5,100.33333333333333,7,80.0
831,2026-04-11 13:23:34,Mittags-Workout,21,7557.0,103.91666666666667,6,51.7
832,2026-04-15 15:34:34,Nachmittags-Workout,22,10001.0,84.0,6,66.8
833,2026-04-17 11:33:06,Morgen-Workout,24,10465.5,128.33333333333334,6,72.4
834,2026-04-20 10:58:57,Morgen-Workout,26,11352.0,84.0,7,71.1
836,2026-04-23 15:55:21,Nachmittags-Workout,22,9174.5,99.08333333333333,6,83.9
837,2026-04-26 12:41:49,Mittags-Workout,19,7585.5,109.33333333333334,5,67.7
838,2026-04-28 13:56:19,Mittags-Workout,19,6094.25,78.83333333333333,5,83.3
839,2026-04-29 11:42:01,Morgen-Workout,24,11335.5,142.5,6,81.3
840,2026-05-02 11:19:25,Morgen-Workout,23,12585.0,112.0,6,70.2
841,2026-05-03 10:50:00,Morgen-Workout,22,6159.0,61.5,6,73.4
842,2026-05-05 11:30:16,Morgen-Workout,18,7406.0,82.5,5,89.4
843,2026-05-08 13:33:55,Mittags-Workout,24,6217.75,54.0,6,75.8
844,2026-05-13 18:55:12,Abend-Workout,25,8094.0,82.5,6,78.1
845,2026-05-16 13:24:27,Mittags-Workout,28,10021.5,55.58333333333333,7,79.9
846,2026-05-19 10:57:58,Morgen-Workout,25,13399.0,82.0,6,84.7
847,2026-05-21 12:38:04,Mittags-Workout,28,14642.75,138.75,7,88.2
848,2026-05-24 12:40:00,Mittags-Workout,29,14073.0,80.66666666666667,7,97.9
849,2026-05-25 10:18:30,Morgen-Workout,29,14849.5,138.75,7,87.0
850,2026-05-27 14:04:15,Nachmittags-Workout,28,14066.5,100.33333333333333,7,77.6
