month,exercise_name,best_1rm_kg
2020-05-01,Incline Bench Press (Barbell),76.0
2020-05-01,Lateral Raise (Cable),11.3
2020-05-01,Leg Press,260.0
2020-05-01,Lying Leg Curl (Machine),24.5
2020-05-01,Pull Up,7.2
2020-05-01,Triceps Extension (Cable),21.0
2020-06-01,Bench Press (Barbell),95.0
2020-06-01,Bent Over Row (Barbell),73.3
2020-06-01,Bicep Curl (Barbell),31.5
2020-06-01,Bicep Curl (Cable),29.8
2020-06-01,Bicep Curl (Dumbbell),17.2
2020-06-01,Chest Fly,77.0
2020-06-01,Chest Press (Machine),70.0
2020-06-01,Deadlift (Barbell),116.7
2020-06-01,Face Pull (Cable),28.3
2020-06-01,Incline Bench Press (Barbell),76.0
2020-06-01,Incline Bench Press (Dumbbell),40.0
2020-06-01,Incline Chest Press (Machine),42.0
2020-06-01,Lat Pulldown (Cable),101.3
2020-06-01,Lateral Raise (Cable),11.7
2020-06-01,Leg Extension (Machine),114.7
2020-06-01,Leg Press,316.7
2020-06-01,Lying Leg Curl (Machine),56.0
2020-06-01,Pull Up,13.3
2020-06-01,Reverse Fly (Machine),66.5
2020-06-01,Seated Leg Press (Machine),157.7
2020-06-01,Seated Overhead Press (Dumbbell),30.4
2020-06-01,Seated Row (Cable),104.0
2020-06-01,Seated Row (Machine),112.0
2020-06-01,Shoulder Press (Machine),58.5
2020-06-01,Shrug (Dumbbell),29.3
2020-06-01,Skullcrusher (Barbell),31.5
2020-06-01,Squat (Barbell),90.0
2020-06-01,Triceps Extension (Cable),30.1
2020-06-01,Triceps Pushdown (Cable - Straight Bar),29.0
2020-07-01,Arnold Press (Dumbbell),27.3
2020-07-01,Bench Press (Barbell),98.7
2020-07-01,Bent Over Row (Barbell),88.8
2020-07-01,Bicep Curl (Barbell),36.7
2020-07-01,Bicep Curl (Cable),14.6
2020-07-01,Bicep Curl (Dumbbell),16.8
2020-07-01,Cable Crossover,16.9
2020-07-01,Chest Dip,30.7
2020-07-01,Chest Fly,91.0
2020-07-01,Chest Press (Machine),78.0
2020-07-01,Deadlift (Barbell),128.3
2020-07-01,Face Pull (Cable),24.9
2020-07-01,Hammer Curl (Dumbbell),16.4
2020-07-01,Incline Bench Press (Dumbbell),43.7
2020-07-01,Incline Curl (Dumbbell),12.7
2020-07-01,Lat Pulldown (Cable),102.7
2020-07-01,Lat Pulldown (Machine),96.7
2020-07-01,Lat Pulldown (Single Arm),44.3
2020-07-01,Lateral Raise (Cable),11.4
2020-07-01,Lateral Raise (Machine),37.6
2020-07-01,Leg Extension (Machine),99.1
2020-07-01,Leg Press,375.0
2020-07-01,Lying Leg Curl (Machine),66.7
2020-07-01,Pull Up,13.3
2020-07-01,Reverse Fly (Machine),68.3
2020-07-01,Romanian Deadlift (Barbell),88.7
2020-07-01,Seated Calf Raise (Plate Loaded),30.0
2020-07-01,Seated Leg Press (Machine),183.3
2020-07-01,Seated Overhead Press (Dumbbell),29.3
2020-07-01,Seated Row (Cable),101.3
2020-07-01,Seated Row (Machine),99.1
2020-07-01,Shoulder Press (Machine),63.3
2020-07-01,Shrug (Barbell),84.0
2020-07-01,Shrug (Machine),34.0
2020-07-01,Squat (Barbell),95.0
2020-07-01,Strict Military Press (Barbell),57.0
2020-07-01,Sumo Deadlift (Barbell),114.0
2020-07-01,Triceps Extension (Cable),34.0
2020-07-01,Triceps Pushdown (Cable - Straight Bar),29.4
2020-07-01,Upright Row (Cable),33.3
2020-08-01,Arnold Press (Dumbbell),26.7
2020-08-01,Bench Press (Barbell),98.7
2020-08-01,Bicep Curl (Barbell),35.0
2020-08-01,Bicep Curl (Cable),13.9
2020-08-01,Bicep Curl (Machine),65.9
2020-08-01,Cable Crossover,19.3
2020-08-01,Chest Dip,27.3
2020-08-01,Chest Fly,97.5
2020-08-01,Deadlift (Barbell),135.7
2020-08-01,Face Pull (Cable),31.9
2020-08-01,Incline Bench Press (Dumbbell),44.8
2020-08-01,Incline Curl (Dumbbell),14.0
2020-08-01,Iso-Lateral Row (Machine),41.0
2020-08-01,Lat Pulldown (Cable),84.0
2020-08-01,Lat Pulldown (Machine),99.1
2020-08-01,Lat Pulldown (Single Arm),46.7
2020-08-01,Lateral Raise (Cable),13.1
2020-08-01,Lateral Raise (Machine),39.4
2020-08-01,Leg Extension (Machine),110.0
2020-08-01,Leg Press,383.3
2020-08-01,Lying Leg Curl (Machine),73.3
2020-08-01,Pull Up,18.5
2020-08-01,Reverse Fly (Machine),68.1
2020-08-01,Romanian Deadlift (Barbell),104.0
2020-08-01,Seated Calf Raise (Plate Loaded),45.0
2020-08-01,Seated Leg Curl (Machine),84.3
2020-08-01,Seated Leg Press (Machine),158.3
2020-08-01,Seated Overhead Press (Dumbbell),29.3
2020-08-01,Seated Row (Cable),101.3
2020-08-01,Seated Row (Machine),93.2
2020-08-01,Shoulder Press (Machine),56.0
2020-08-01,Shrug (Machine),34.8
2020-08-01,Squat (Barbell),99.2
2020-08-01,Strict Military Press (Barbell),58.3
2020-08-01,Sumo Deadlift (Barbell),121.0
2020-08-01,Triceps Extension (Cable),38.3
2020-08-01,Triceps Pushdown (Cable - Straight Bar),31.9
2020-08-01,Upright Row (Cable),35.8
2020-09-01,Back Extension,22.0
2020-09-01,Bench Press (Barbell),101.3
2020-09-01,Bent Over Row (Barbell),80.0
2020-09-01,Bicep Curl (Machine),74.2
2020-09-01,Cable Crossover,19.3
2020-09-01,Chest Dip,28.0
2020-09-01,Chest Fly,91.0
2020-09-01,Deadlift (Barbell),128.3
2020-09-01,Hack Squat (Barbell),76.0
2020-09-01,Hammer Curl (Dumbbell),16.0
2020-09-01,Incline Bench Press (Dumbbell),42.7
2020-09-01,Incline Curl (Dumbbell),16.8
2020-09-01,Lat Pulldown (Cable),39.0
2020-09-01,Lat Pulldown (Single Arm),46.7
2020-09-01,Lateral Raise (Cable),11.8
2020-09-01,Leg Extension (Machine),108.8
2020-09-01,Leg Press,316.7
2020-09-01,Lying Leg Curl (Machine),31.7
2020-09-01,Pull Up,19.5
2020-09-01,Pullover (Machine),40.3
2020-09-01,Reverse Fly (Machine),72.0
2020-09-01,Romanian Deadlift (Barbell),106.7
2020-09-01,Seated Calf Raise (Plate Loaded),53.3
2020-09-01,Seated Leg Curl (Machine),88.8
2020-09-01,Seated Leg Press (Machine),148.2
2020-09-01,Seated Overhead Press (Dumbbell),28.7
2020-09-01,Seated Row (Cable),96.0
2020-09-01,Shoulder Press (Machine),54.7
2020-09-01,Shrug (Barbell),78.0
2020-09-01,Skullcrusher (Barbell),33.0
2020-09-01,Strict Military Press (Barbell),54.0
2020-09-01,Triceps Extension (Cable),21.7
2020-09-01,Triceps Pushdown (Cable - Straight Bar),41.9
2020-10-01,Back Extension,15.0
2020-10-01,Bench Press (Barbell),99.0
2020-10-01,Bent Over Row (Barbell),76.0
2020-10-01,Bicep Curl (Barbell),35.0
2020-10-01,Bicep Curl (Cable),15.4
2020-10-01,Bicep Curl (Machine),77.0
2020-10-01,Cable Crossover,19.7
2020-10-01,Chest Dip,33.3
2020-10-01,Chest Fly,86.3
2020-10-01,Crunch (Machine),52.0
2020-10-01,Deadlift (Barbell),120.0
2020-10-01,Hammer Curl (Dumbbell),15.3
2020-10-01,Incline Bench Press (Dumbbell),44.2
2020-10-01,Incline Curl (Dumbbell),15.6
2020-10-01,Lat Pulldown (Cable),93.3
2020-10-01,Lat Pulldown (Single Arm),41.0
2020-10-01,Lateral Raise (Cable),10.8
2020-10-01,Lateral Raise (Machine),39.0
2020-10-01,Leg Extension (Machine),111.2
2020-10-01,Leg Press,325.0
2020-10-01,Lying Leg Curl (Machine),76.7
2020-10-01,Pull Up,19.5
2020-10-01,Pullover (Machine),41.2
2020-10-01,Reverse Fly (Machine),68.0
2020-10-01,Romanian Deadlift (Barbell),106.7
2020-10-01,Seated Calf Raise (Plate Loaded),50.0
2020-10-01,Seated Leg Curl (Machine),86.3
2020-10-01,Seated Leg Press (Machine),146.9
2020-10-01,Seated Overhead Press (Dumbbell),28.8
2020-10-01,Seated Row (Cable),98.7
2020-10-01,Seated Row (Machine),94.3
2020-10-01,Shoulder Press (Machine),55.5
2020-10-01,Skullcrusher (Barbell),35.0
2020-10-01,Squat (Barbell),93.3
2020-10-01,Strict Military Press (Barbell),54.0
2020-10-01,T Bar Row,60.0
2020-10-01,Triceps Extension,12.0
2020-10-01,Triceps Extension (Cable),8.5
2020-10-01,Triceps Pushdown (Cable - Straight Bar),40.8
2020-11-01,Ab Wheel,0.0
2020-11-01,Bent Over One Arm Row (Dumbbell),32.3
2020-11-01,Bicep Curl (Cable),0.0
2020-11-01,Bicep Curl (Machine),70.7
2020-11-01,Bulgarian Split Squat,30.8
2020-11-01,Chest Dip,0.0
2020-11-01,Goblet Squat (Kettlebell),33.7
2020-11-01,Handstand Push Up,0.0
2020-11-01,Kettlebell Swing,29.3
2020-11-01,Lateral Raise (Dumbbell),8.0
2020-11-01,Leg Extension (Machine),102.5
2020-11-01,Overhead Press (Dumbbell),20.8
2020-11-01,Pull Up,24.9
2020-11-01,Pullover (Dumbbell),30.8
2020-11-01,Push Up,0.0
2020-11-01,Romanian Deadlift (Barbell),106.7
2020-11-01,Seated Calf Raise (Plate Loaded),47.0
2020-11-01,Seated Leg Curl (Machine),86.7
2020-11-01,Seated Leg Press (Machine),143.0
2020-11-01,Shrug (Dumbbell),33.0
2020-12-01,Ab Wheel,0.0
2020-12-01,Bent Over One Arm Row (Dumbbell),29.3
2020-12-01,Bicep Curl (Cable),0.0
2020-12-01,Chest Dip,0.0
2020-12-01,Goblet Squat (Kettlebell),36.7
2020-12-01,Handstand Push Up,0.0
2020-12-01,Kettlebell Swing,26.7
2020-12-01,Lateral Raise (Dumbbell),8.2
2020-12-01,Overhead Press (Dumbbell),21.9
2020-12-01,Pull Up,0.0
2020-12-01,Pullover (Dumbbell),31.5
2020-12-01,Push Up,0.0
2021-01-01,Ab Wheel,0.0
2021-01-01,Bent Over One Arm Row (Dumbbell),31.5
2021-01-01,Bicep Curl (Cable),0.0
2021-01-01,Bicep Curl (Dumbbell),8.0
2021-01-01,Bulgarian Split Squat,32.3
2021-01-01,Chest Dip,0.0
2021-01-01,Deadlift (Dumbbell),24.5
2021-01-01,Goblet Squat (Kettlebell),36.7
2021-01-01,Handstand Push Up,0.0
2021-01-01,Lateral Raise (Dumbbell),8.3
2021-01-01,Overhead Press (Dumbbell),21.3
2021-01-01,Pull Up,27.9
2021-01-01,Push Up,0.0
2021-01-01,Shrug (Dumbbell),33.0
2021-01-01,Triceps Dip,0.0
2021-02-01,Arnold Press (Dumbbell),21.3
2021-02-01,Bent Over One Arm Row (Dumbbell),33.0
2021-02-01,Bent Over Row (Band),0.0
2021-02-01,Bicep Curl (Cable),0.0
2021-02-01,Bicep Curl (Dumbbell),8.3
2021-02-01,Bulgarian Split Squat,33.7
2021-02-01,Chest Dip,0.0
2021-02-01,Deadlift (Dumbbell),24.0
2021-02-01,Face Pull (Cable),0.0
2021-02-01,Goblet Squat (Kettlebell),38.1
2021-02-01,Handstand Push Up,0.0
2021-02-01,Hip Thrust (Barbell),30.8
2021-02-01,Lateral Raise (Dumbbell),7.8
2021-02-01,Lunge (Dumbbell),33.0
2021-02-01,Overhead Press (Dumbbell),24.5
2021-02-01,Pull Up,10.7
2021-02-01,Push Up,7.5
2021-02-01,Push Up (Band),0.0
2021-02-01,Shrug (Barbell),29.3
2021-02-01,Triceps Extension,0.0
2021-02-01,Upright Row (Dumbbell),32.3
2021-02-01,Wide Pull Up,19.7
2021-03-01,Bent Over One Arm Row (Dumbbell),34.5
2021-03-01,Bent Over Row (Band),0.0
2021-03-01,Bicep Curl (Cable),0.0
2021-03-01,Chest Dip,0.0
2021-03-01,Deadlift (Dumbbell),33.0
2021-03-01,Goblet Squat (Kettlebell),34.5
2021-03-01,Handstand Push Up,0.0
2021-03-01,Kettlebell Swing,28.3
2021-03-01,Lateral Raise (Dumbbell),8.7
2021-03-01,Overhead Press (Dumbbell),32.3
2021-03-01,Push Up (Band),22.4
2021-03-01,Shrug (Barbell),24.5
2021-03-01,Triceps Extension,0.0
2021-03-01,Upright Row (Dumbbell),35.9
2021-03-01,Wide Pull Up,20.8
2021-04-01,Ab Wheel,0.0
2021-04-01,Bent Over One Arm Row (Dumbbell),34.5
2021-04-01,Bicep Curl (Cable),32.3
2021-04-01,Chest Dip,7.3
2021-04-01,Cross Body Crunch,0.0
2021-04-01,Crunch,8.7
2021-04-01,Deadlift (Dumbbell),33.7
2021-04-01,Goblet Squat (Kettlebell),37.4
2021-04-01,Hip Thrust (Barbell),32.3
2021-04-01,Lateral Raise (Dumbbell),8.7
2021-04-01,Leg Extension (Machine),103.9
2021-04-01,Lunge (Dumbbell),53.2
2021-04-01,Overhead Press (Dumbbell),28.6
2021-04-01,Pull Up,7.2
2021-04-01,Push Up (Band),7.3
2021-04-01,Shrug (Barbell),35.9
2021-04-01,Shrug (Dumbbell),32.3
2021-04-01,Triceps Extension,0.0
2021-04-01,Upright Row (Dumbbell),38.9
2021-04-01,Wide Pull Up,21.3
2021-05-01,Ab Wheel,0.0
2021-05-01,Bench Press (Barbell),91.0
2021-05-01,Bent Over One Arm Row (Dumbbell),33.0
2021-05-01,Bicep Curl (Barbell),35.0
2021-05-01,Bicep Curl (Cable),32.3
2021-05-01,Bicep Curl (Dumbbell),11.7
2021-05-01,Bicep Curl (Machine),74.2
2021-05-01,Cable Crossover,17.9
2021-05-01,Chest Dip,7.7
2021-05-01,Chest Fly,92.0
2021-05-01,Cross Body Crunch,0.0
2021-05-01,Crunch,0.0
2021-05-01,Deadlift (Barbell),126.7
2021-05-01,Deadlift (Dumbbell),58.3
2021-05-01,Goblet Squat (Kettlebell),36.7
2021-05-01,Hip Abductor (Machine),86.3
2021-05-01,Hip Adductor (Machine),100.3
2021-05-01,Hip Thrust (Barbell),34.5
2021-05-01,Incline Bench Press (Dumbbell),39.2
2021-05-01,Lat Pulldown (Cable),93.3
2021-05-01,Lateral Raise (Cable),11.0
2021-05-01,Lateral Raise (Dumbbell),8.7
2021-05-01,Leg Extension (Machine),107.5
2021-05-01,Leg Press,322.7
2021-05-01,Lunge (Dumbbell),58.3
2021-05-01,Lying Leg Curl (Machine),58.1
2021-05-01,Overhead Press (Dumbbell),30.1
2021-05-01,Pullover (Machine),45.0
2021-05-01,Push Up (Band),7.7
2021-05-01,Reverse Fly (Machine),65.2
2021-05-01,Seated Leg Curl (Machine),73.3
2021-05-01,Seated Overhead Press (Dumbbell),26.7
2021-05-01,Seated Row (Cable),100.3
2021-05-01,Shrug (Barbell),40.7
2021-05-01,Squat (Barbell),80.0
2021-05-01,Strict Military Press (Barbell),50.7
2021-05-01,Sumo Deadlift (Barbell),91.0
2021-05-01,Triceps Extension,0.0
2021-05-01,Triceps Extension (Cable),30.5
2021-05-01,Triceps Pushdown (Cable - Straight Bar),38.3
2021-05-01,Upright Row (Dumbbell),38.9
2021-05-01,Wide Pull Up,21.3
2021-06-01,Bench Press (Barbell),95.7
2021-06-01,Bicep Curl (Barbell),36.7
2021-06-01,Bicep Curl (Cable),10.5
2021-06-01,Bicep Curl (Machine),76.0
2021-06-01,Cable Crossover,17.1
2021-06-01,Chest Fly,90.1
2021-06-01,Crunch (Machine),52.5
2021-06-01,Deadlift (Barbell),130.0
2021-06-01,Hip Abductor (Machine),80.5
2021-06-01,Hip Adductor (Machine),125.3
2021-06-01,Incline Bench Press (Dumbbell),44.0
2021-06-01,Lat Pulldown (Cable),98.0
2021-06-01,Lat Pulldown (Machine),91.0
2021-06-01,Lateral Raise (Cable),10.5
2021-06-01,Lateral Raise (Machine),47.7
2021-06-01,Leg Extension (Machine),113.6
2021-06-01,Leg Press,337.3
2021-06-01,Lying Leg Curl (Machine),66.7
2021-06-01,Overhead Press (Dumbbell),28.0
2021-06-01,Pullover (Machine),42.8
2021-06-01,Reverse Fly (Machine),68.3
2021-06-01,Seated Leg Curl (Machine),89.6
2021-06-01,Seated Leg Press (Machine),150.3
2021-06-01,Seated Overhead Press (Dumbbell),27.3
2021-06-01,Seated Row (Cable),98.7
2021-06-01,Seated Row (Machine),95.7
2021-06-01,Shoulder Press (Machine),56.0
2021-06-01,Shrug (Dumbbell),44.8
2021-06-01,Skullcrusher (Barbell),36.7
2021-06-01,Squat (Barbell),88.7
2021-06-01,Triceps Extension (Machine),117.3
2021-06-01,Triceps Pushdown (Cable - Straight Bar),43.3
2021-07-01,Bench Press (Barbell),95.7
2021-07-01,Bent Over Row (Barbell),86.0
2021-07-01,Bicep Curl (Barbell),38.5
2021-07-01,Bicep Curl (Machine),77.7
2021-07-01,Cable Crossover,19.7
2021-07-01,Chest Dip,29.3
2021-07-01,Chest Fly,91.7
2021-07-01,Deadlift (Barbell),90.7
2021-07-01,Glute Kickback (Machine),66.7
2021-07-01,Hip Abductor (Machine),106.2
2021-07-01,Hip Adductor (Machine),138.8
2021-07-01,Incline Bench Press (Dumbbell),44.8
2021-07-01,Incline Chest Press (Machine),50.7
2021-07-01,Lat Pulldown (Cable),98.0
2021-07-01,Lat Pulldown (Single Arm),49.0
2021-07-01,Lateral Raise (Machine),49.8
2021-07-01,Leg Extension (Machine),130.3
2021-07-01,Leg Press,345.0
2021-07-01,Lying Leg Curl (Machine),71.7
2021-07-01,Overhead Press (Dumbbell),29.3
2021-07-01,Preacher Curl (Machine),53.3
2021-07-01,Pull Up,19.5
2021-07-01,Pullover (Machine),44.1
2021-07-01,Reverse Fly (Machine),84.3
2021-07-01,Romanian Deadlift (Barbell),98.0
2021-07-01,Seated Leg Curl (Machine),99.1
2021-07-01,Seated Leg Press (Machine),168.7
2021-07-01,Seated Overhead Press (Dumbbell),26.7
2021-07-01,Seated Row (Machine),105.9
2021-07-01,Shoulder Press (Machine),57.3
2021-07-01,Skullcrusher (Barbell),37.5
2021-07-01,Triceps Extension,9.5
2021-07-01,Triceps Extension (Cable),35.6
2021-07-01,Triceps Pushdown (Cable - Straight Bar),42.2
2021-08-01,Bench Press (Barbell),98.7
2021-08-01,Bent Over Row (Barbell),92.0
2021-08-01,Bicep Curl (Barbell),40.3
2021-08-01,Bicep Curl (Cable),35.0
2021-08-01,Bicep Curl (Machine),84.0
2021-08-01,Cable Crossover,20.6
2021-08-01,Chest Fly,89.6
2021-08-01,Glute Kickback (Machine),80.7
2021-08-01,Hip Abductor (Machine),128.0
2021-08-01,Hip Adductor (Machine),158.3
2021-08-01,Incline Bench Press (Dumbbell),48.7
2021-08-01,Incline Chest Press (Machine),58.5
2021-08-01,Incline Curl (Dumbbell),16.0
2021-08-01,Lat Pulldown (Cable),114.7
2021-08-01,Lat Pulldown - Underhand (Band),68.3
2021-08-01,Lateral Raise (Cable),11.3
2021-08-01,Lateral Raise (Dumbbell),14.7
2021-08-01,Lateral Raise (Machine),48.8
2021-08-01,Leg Extension (Machine),155.2
2021-08-01,Leg Press,368.0
2021-08-01,Pullover (Machine),47.0
2021-08-01,Reverse Fly (Machine),83.3
2021-08-01,Romanian Deadlift (Barbell),107.3
2021-08-01,Seated Leg Curl (Machine),120.0
2021-08-01,Seated Overhead Press (Dumbbell),33.6
2021-08-01,Seated Row (Cable),109.3
2021-08-01,Seated Row (Machine),101.5
2021-08-01,Shoulder Press (Machine),66.0
2021-08-01,Shrug (Dumbbell),42.9
2021-08-01,Skullcrusher (Barbell),40.8
2021-08-01,Squat (Barbell),101.3
2021-08-01,Strict Military Press (Barbell),60.0
2021-08-01,Triceps Extension (Cable),41.1
2021-08-01,Triceps Extension (Machine),145.7
2021-08-01,Upright Row (Barbell),43.3
2021-09-01,Bench Press (Barbell),109.3
2021-09-01,Bent Over Row (Barbell),93.3
2021-09-01,Bicep Curl (Barbell),42.2
2021-09-01,Bicep Curl (Cable),35.8
2021-09-01,Bicep Curl (Machine),88.0
2021-09-01,Cable Crossover,21.1
2021-09-01,Chest Dip,24.5
2021-09-01,Chest Fly,100.0
2021-09-01,Hip Abductor (Machine),130.7
2021-09-01,Hip Adductor (Machine),175.0
2021-09-01,Incline Bench Press (Dumbbell),47.6
2021-09-01,Incline Chest Press (Machine),46.7
2021-09-01,Incline Curl (Dumbbell),17.5
2021-09-01,Iso-Lateral Row (Machine),52.0
2021-09-01,Lat Pulldown (Cable),120.0
2021-09-01,Lat Pulldown - Underhand (Band),66.7
2021-09-01,Lateral Raise (Cable),12.5
2021-09-01,Lateral Raise (Dumbbell),15.0
2021-09-01,Leg Extension (Machine),158.3
2021-09-01,Leg Press,315.3
2021-09-01,Overhead Press (Dumbbell),34.7
2021-09-01,Pull Up,21.0
2021-09-01,Pullover (Machine),47.9
2021-09-01,Reverse Fly (Machine),89.3
2021-09-01,Romanian Deadlift (Barbell),107.3
2021-09-01,Seated Leg Curl (Machine),112.0
2021-09-01,Seated Overhead Press (Dumbbell),33.8
2021-09-01,Seated Row (Machine),107.5
2021-09-01,Shoulder Press (Machine),63.0
2021-09-01,Shrug (Dumbbell),42.9
2021-09-01,Squat (Barbell),104.0
2021-09-01,Triceps Extension (Cable),43.8
2021-09-01,Triceps Pushdown (Cable - Straight Bar),47.9
2021-10-01,Bench Press (Barbell),110.0
2021-10-01,Bent Over Row (Barbell),93.2
2021-10-01,Bicep Curl (Barbell),41.3
2021-10-01,Bicep Curl (Cable),34.0
2021-10-01,Bicep Curl (Machine),90.0
2021-10-01,Cable Crossover,21.1
2021-10-01,Chest Fly,100.0
2021-10-01,Deadlift (Barbell),123.0
2021-10-01,Incline Bench Press (Dumbbell),49.9
2021-10-01,Lat Pulldown (Cable),106.7
2021-10-01,Lateral Raise (Cable),13.4
2021-10-01,Lateral Raise (Dumbbell),15.0
2021-10-01,Lateral Raise (Machine),39.4
2021-10-01,Leg Extension (Machine),161.5
2021-10-01,Leg Press,273.3
2021-10-01,Overhead Press (Dumbbell),33.6
2021-10-01,Pull Up,20.5
2021-10-01,Pullover (Machine),46.0
2021-10-01,Reverse Fly (Machine),68.0
2021-10-01,Seated Leg Curl (Machine),120.8
2021-10-01,Seated Leg Press (Machine),168.4
2021-10-01,Seated Row (Cable),112.0
2021-10-01,Seated Row (Machine),108.5
2021-10-01,Shoulder Press (Machine),68.3
2021-10-01,Shrug (Dumbbell),45.7
2021-10-01,Shrug (Machine),45.6
2021-10-01,Skullcrusher (Barbell),42.2
2021-10-01,Strict Military Press (Barbell),60.2
2021-10-01,Triceps Extension (Cable),43.1
2021-10-01,Triceps Pushdown (Cable - Straight Bar),46.0
2021-11-01,Bench Press (Barbell),104.0
2021-11-01,Bent Over One Arm Row (Dumbbell),32.3
2021-11-01,Bent Over Row (Barbell),94.0
2021-11-01,Bicep Curl (Barbell),39.4
2021-11-01,Bicep Curl (Machine),84.0
2021-11-01,Cable Crossover,18.0
2021-11-01,Chest Dip,27.3
2021-11-01,Chest Fly,84.0
2021-11-01,Deadlift (Barbell),98.0
2021-11-01,Goblet Squat (Kettlebell),38.1
2021-11-01,Hip Abductor (Machine),120.0
2021-11-01,Incline Bench Press (Dumbbell),44.8
2021-11-01,Kettlebell Swing,26.7
2021-11-01,Lat Pulldown (Cable),100.3
2021-11-01,Lateral Raise (Cable),11.5
2021-11-01,Leg Extension (Machine),153.3
2021-11-01,Overhead Press (Dumbbell),33.6
2021-11-01,Pull Up,20.3
2021-11-01,Pullover (Machine),47.7
2021-11-01,Reverse Fly (Machine),70.8
2021-11-01,Seated Leg Curl (Machine),108.8
2021-11-01,Seated Overhead Press (Dumbbell),30.1
2021-11-01,Shoulder Press (Machine),64.5
2021-11-01,Squat (Barbell),93.3
2021-11-01,Triceps Extension (Cable),41.2
2021-11-01,Triceps Pushdown (Cable - Straight Bar),43.1
2021-11-01,Upright Row (Cable),36.4
2021-12-01,Bent Over One Arm Row (Dumbbell),33.0
2021-12-01,Chest Dip,0.0
2021-12-01,Goblet Squat (Kettlebell),36.7
2021-12-01,Kettlebell Swing,32.0
2021-12-01,Pull Up,20.8
2021-12-01,Seated Overhead Press (Dumbbell),30.1
2022-01-01,Bench Press (Barbell),93.3
2022-01-01,Bent Over Row (Barbell),82.0
2022-01-01,Bicep Curl (Barbell),31.5
2022-01-01,Bicep Curl (Machine),70.7
2022-01-01,Cable Crossover,16.5
2022-01-01,Chest Dip,0.0
2022-01-01,Deadlift (Barbell),98.7
2022-01-01,Face Pull (Cable),16.9
2022-01-01,Goblet Squat (Kettlebell),36.7
2022-01-01,Hammer Curl (Dumbbell),17.6
2022-01-01,Incline Bench Press (Dumbbell),41.0
2022-01-01,Lat Pulldown - Underhand (Cable),93.3
2022-01-01,Lateral Raise (Cable),11.5
2022-01-01,Lateral Raise (Dumbbell),11.5
2022-01-01,Leg Extension (Machine),121.8
2022-01-01,Leg Press,243.7
2022-01-01,Overhead Press (Dumbbell),30.8
2022-01-01,Pull Up,0.0
2022-01-01,Pullover (Machine),43.1
2022-01-01,Reverse Fly (Machine),65.2
2022-01-01,Romanian Deadlift (Barbell),88.0
2022-01-01,Seated Calf Raise (Plate Loaded),62.7
2022-01-01,Seated Leg Curl (Machine),84.0
2022-01-01,Seated Overhead Press (Dumbbell),32.8
2022-01-01,Seated Row (Cable),104.0
2022-01-01,Shoulder Press (Machine),53.3
2022-01-01,Shrug (Dumbbell),38.4
2022-01-01,Skullcrusher (Barbell),34.5
2022-01-01,Squat (Barbell),78.0
2022-01-01,Strict Military Press (Barbell),56.0
2022-01-01,Sumo Deadlift (Barbell),117.0
2022-01-01,Triceps Extension,0.0
2022-01-01,Triceps Extension (Cable),36.4
2022-01-01,Triceps Pushdown (Cable - Straight Bar),40.3
2022-02-01,Bench Press (Barbell),101.3
2022-02-01,Bent Over Row (Barbell),97.5
2022-02-01,Bicep Curl (Barbell),41.3
2022-02-01,Bicep Curl (Machine),86.0
2022-02-01,Cable Crossover,18.3
2022-02-01,Chest Dip,21.0
2022-02-01,Face Pull (Cable),25.7
2022-02-01,Hammer Curl (Dumbbell),11.7
2022-02-01,Incline Bench Press (Dumbbell),46.5
2022-02-01,Lat Pulldown - Underhand (Cable),114.7
2022-02-01,Lateral Raise (Dumbbell),15.0
2022-02-01,Leg Extension (Machine),145.7
2022-02-01,Leg Press,287.0
2022-02-01,Pullover (Machine),50.9
2022-02-01,Romanian Deadlift (Barbell),105.0
2022-02-01,Seated Calf Raise (Plate Loaded),62.7
2022-02-01,Seated Leg Curl (Machine),101.8
2022-02-01,Seated Overhead Press (Dumbbell),36.4
2022-02-01,Seated Row (Cable),106.7
2022-02-01,Shoulder Press (Machine),63.0
2022-02-01,Shrug (Dumbbell),46.7
2022-02-01,Skullcrusher (Barbell),39.2
2022-02-01,Squat (Barbell),102.0
2022-02-01,Strict Military Press (Barbell),57.0
2022-02-01,Sumo Deadlift (Barbell),116.7
2022-02-01,Triceps Extension (Cable),43.1
2022-02-01,Triceps Pushdown (Cable - Straight Bar),47.9
2022-03-01,Back Extension,15.0
2022-03-01,Bench Press (Barbell),102.0
2022-03-01,Bent Over Row (Barbell),95.3
2022-03-01,Bicep Curl (Barbell),44.0
2022-03-01,Bicep Curl (Machine),86.0
2022-03-01,Bulgarian Split Squat,21.9
2022-03-01,Cable Crossover,20.2
2022-03-01,Face Pull (Cable),26.8
2022-03-01,Hip Adductor (Machine),153.8
2022-03-01,Incline Bench Press (Dumbbell),48.7
2022-03-01,Lat Pulldown - Underhand (Cable),126.0
2022-03-01,Lateral Raise (Cable),12.5
2022-03-01,Lateral Raise (Dumbbell),15.7
2022-03-01,Leg Extension (Machine),158.3
2022-03-01,Leg Press,286.7
2022-03-01,Lying Leg Curl (Machine),84.3
2022-03-01,Pull Up,19.0
2022-03-01,Pullover (Machine),53.1
2022-03-01,Romanian Deadlift (Barbell),100.3
2022-03-01,Seated Calf Raise (Plate Loaded),62.7
2022-03-01,Seated Leg Curl (Machine),100.3
2022-03-01,Seated Overhead Press (Dumbbell),36.4
2022-03-01,Seated Row (Machine),107.5
2022-03-01,Shoulder Press (Machine),66.0
2022-03-01,Shrug (Dumbbell),49.0
2022-03-01,Squat (Barbell),106.7
2022-03-01,Squat (Smith Machine),76.0
2022-03-01,Strict Military Press (Barbell),60.0
2022-03-01,Triceps Extension (Cable),43.1
2022-03-01,Triceps Pushdown (Cable - Straight Bar),50.0
2022-04-01,Bench Press (Barbell),101.3
2022-04-01,Bent Over Row (Barbell),88.0
2022-04-01,Bicep Curl (Barbell),45.9
2022-04-01,Bicep Curl (Cable),37.5
2022-04-01,Bicep Curl (Machine),86.0
2022-04-01,Bulgarian Split Squat,18.7
2022-04-01,Cable Crossover,21.5
2022-04-01,Chest Dip,26.7
2022-04-01,Chest Fly,92.3
2022-04-01,Face Pull (Cable),29.2
2022-04-01,Hammer Curl (Dumbbell),16.0
2022-04-01,Hip Adductor (Machine),157.2
2022-04-01,Incline Bench Press (Dumbbell),49.9
2022-04-01,Incline Chest Press (Machine),58.5
2022-04-01,Incline Curl (Dumbbell),17.6
2022-04-01,Lat Pulldown (Single Arm),48.0
2022-04-01,Lateral Raise (Dumbbell),17.2
2022-04-01,Lateral Raise (Machine),51.3
2022-04-01,Leg Extension (Machine),164.7
2022-04-01,Leg Press,280.0
2022-04-01,Lying Leg Curl (Machine),88.2
2022-04-01,Overhead Press (Dumbbell),32.3
2022-04-01,Pull Up,14.0
2022-04-01,Pullover (Machine),54.2
2022-04-01,Reverse Fly (Machine),84.3
2022-04-01,Seated Leg Curl (Machine),103.9
2022-04-01,Seated Leg Press (Machine),161.3
2022-04-01,Seated Row (Machine),112.5
2022-04-01,Shoulder Press (Machine),66.7
2022-04-01,Skullcrusher (Barbell),39.2
2022-04-01,Squat (Smith Machine),82.0
2022-04-01,T Bar Row,61.5
2022-04-01,Triceps Extension (Cable),47.9
2022-04-01,Triceps Pushdown (Cable - Straight Bar),49.5
2022-04-01,Upright Row (Barbell),49.1
2022-04-01,Upright Row (Cable),36.7
2022-05-01,Back Extension,16.7
2022-05-01,Bench Press (Barbell),102.0
2022-05-01,Bench Press - Close Grip (Barbell),84.0
2022-05-01,Bicep Curl (Barbell),44.3
2022-05-01,Bicep Curl (Cable),36.7
2022-05-01,Bicep Curl (Machine),86.0
2022-05-01,Bulgarian Split Squat,20.5
2022-05-01,Cable Crossover,23.0
2022-05-01,Chest Dip,35.8
2022-05-01,Crunch (Machine),68.0
2022-05-01,Face Pull (Cable),27.6
2022-05-01,Hammer Curl (Dumbbell),21.9
2022-05-01,Hip Abductor (Machine),116.0
2022-05-01,Hip Adductor (Machine),164.7
2022-05-01,Incline Bench Press (Dumbbell),49.2
2022-05-01,Incline Chest Press (Machine),54.0
2022-05-01,Incline Curl (Dumbbell),16.0
2022-05-01,Lat Pulldown (Cable),117.3
2022-05-01,Lat Pulldown (Single Arm),50.2
2022-05-01,Lateral Raise (Cable),12.8
2022-05-01,Lateral Raise (Dumbbell),18.4
2022-05-01,Leg Extension (Machine),153.3
2022-05-01,Lying Leg Curl (Machine),86.2
2022-05-01,Overhead Press (Dumbbell),33.8
2022-05-01,Pull Up,13.0
2022-05-01,Pullover (Machine),50.0
2022-05-01,Reverse Fly (Machine),90.1
2022-05-01,Romanian Deadlift (Barbell),112.0
2022-05-01,Seated Leg Curl (Machine),95.3
2022-05-01,Seated Leg Press (Machine),164.5
2022-05-01,Seated Row (Cable),104.0
2022-05-01,Seated Row (Machine),91.0
2022-05-01,Shoulder Press (Machine),69.0
2022-05-01,Shrug (Dumbbell),34.0
2022-05-01,Skullcrusher (Barbell),45.9
2022-05-01,Standing Calf Raise (Machine),108.3
2022-05-01,T Bar Row,66.0
2022-05-01,Triceps Extension,14.7
2022-05-01,Triceps Extension (Cable),37.5
2022-05-01,Triceps Pushdown (Cable - Straight Bar),47.0
2022-05-01,Upright Row (Cable),37.5
2022-06-01,Bench Press (Barbell),106.7
2022-06-01,Bench Press - Close Grip (Barbell),95.7
2022-06-01,Bicep Curl (Barbell),42.7
2022-06-01,Bulgarian Split Squat,20.5
2022-06-01,Cable Crossover,24.4
2022-06-01,Chest Dip,33.3
2022-06-01,Chest Press (Machine),74.8
2022-06-01,Crunch (Machine),85.0
2022-06-01,Face Pull (Cable),30.3
2022-06-01,Glute Kickback (Machine),77.0
2022-06-01,Hammer Curl (Dumbbell),21.9
2022-06-01,Incline Bench Press (Dumbbell),50.4
2022-06-01,Incline Chest Press (Machine),52.0
2022-06-01,Incline Curl (Dumbbell),14.7
2022-06-01,Lat Pulldown (Cable),104.0
2022-06-01,Lateral Raise (Cable),11.4
2022-06-01,Lateral Raise (Dumbbell),17.6
2022-06-01,Leg Extension (Machine),157.2
2022-06-01,Leg Press,260.0
2022-06-01,Lying Leg Curl (Machine),84.3
2022-06-01,Overhead Press (Dumbbell),35.5
2022-06-01,Pull Up,18.5
2022-06-01,Pullover (Machine),49.8
2022-06-01,Reverse Fly (Machine),86.2
2022-06-01,Romanian Deadlift (Barbell),109.3
2022-06-01,Seated Leg Curl (Machine),84.3
2022-06-01,Seated Leg Press (Machine),168.0
2022-06-01,Seated Row (Cable),106.7
2022-06-01,Seated Row (Machine),118.3
2022-06-01,Shoulder Press (Machine),67.5
2022-06-01,Shrug (Dumbbell),42.4
2022-06-01,Skullcrusher (Barbell),41.4
2022-06-01,Standing Calf Raise (Machine),135.3
2022-06-01,T Bar Row,64.5
2022-06-01,Triceps Extension,15.3
2022-06-01,Triceps Extension (Cable),34.7
2022-06-01,Triceps Pushdown (Cable - Straight Bar),46.0
2022-07-01,Bench Press (Barbell),110.5
2022-07-01,Bent Over Row (Barbell),107.3
2022-07-01,Bicep Curl (Barbell),40.5
2022-07-01,Bicep Curl (Machine),83.3
2022-07-01,Cable Crossover,23.3
2022-07-01,Chest Dip,29.3
2022-07-01,Crunch (Machine),86.2
2022-07-01,Face Pull (Cable),31.2
2022-07-01,Hammer Curl (Dumbbell),19.6
2022-07-01,Hip Abductor (Machine),120.8
2022-07-01,Hip Adductor (Machine),158.3
2022-07-01,Incline Bench Press (Dumbbell),51.6
2022-07-01,Incline Chest Press (Machine),82.3
2022-07-01,Incline Curl (Dumbbell),18.0
2022-07-01,Lat Pulldown (Cable),120.0
2022-07-01,Lateral Raise (Cable),12.3
2022-07-01,Lateral Raise (Dumbbell),18.4
2022-07-01,Lying Leg Curl (Machine),73.3
2022-07-01,Overhead Press (Dumbbell),35.2
2022-07-01,Pull Up,19.5
2022-07-01,Pullover (Machine),52.0
2022-07-01,Reverse Fly (Machine),82.3
2022-07-01,Romanian Deadlift (Barbell),102.7
2022-07-01,Seated Leg Press (Machine),122.7
2022-07-01,Seated Row (Cable),112.0
2022-07-01,Seated Row (Machine),96.7
2022-07-01,Shoulder Press (Machine),67.5
2022-07-01,Shrug (Dumbbell),41.6
2022-07-01,Skullcrusher (Barbell),43.7
2022-07-01,Standing Calf Raise (Machine),104.0
2022-07-01,T Bar Row,63.0
2022-07-01,Triceps Extension,15.4
2022-07-01,Triceps Extension (Cable),34.7
2022-07-01,Triceps Pushdown (Cable - Straight Bar),51.0
2022-08-01,Back Extension,15.7
2022-08-01,Bench Press (Barbell),104.8
2022-08-01,Bent Over Row (Barbell),102.7
2022-08-01,Bicep Curl (Barbell),44.8
2022-08-01,Cable Crossover,23.8
2022-08-01,Chest Dip,27.3
2022-08-01,Chest Fly,99.7
2022-08-01,Hammer Curl (Dumbbell),16.8
2022-08-01,Hip Abductor (Machine),114.8
2022-08-01,Hip Thrust (Barbell),57.3
2022-08-01,Incline Bench Press (Dumbbell),50.4
2022-08-01,Incline Curl (Dumbbell),14.3
2022-08-01,Lat Pulldown (Cable),114.0
2022-08-01,Lat Pulldown (Single Arm),56.7
2022-08-01,Lateral Raise (Cable),9.6
2022-08-01,Lateral Raise (Dumbbell),16.0
2022-08-01,Pullover (Machine),50.0
2022-08-01,Reverse Fly (Machine),69.4
2022-08-01,Romanian Deadlift (Barbell),92.0
2022-08-01,Seated Leg Press (Machine),114.8
2022-08-01,Seated Overhead Press (Dumbbell),35.5
2022-08-01,Seated Row (Machine),114.7
2022-08-01,Shoulder Press (Machine),69.0
2022-08-01,Shrug (Dumbbell),34.0
2022-08-01,T Bar Row,56.0
2022-08-01,Triceps Extension,28.8
2022-08-01,Triceps Pushdown (Cable - Straight Bar),52.1
2022-09-01,Bench Press (Barbell),107.7
2022-09-01,Bicep Curl (Barbell),46.2
2022-09-01,Cable Crossover,21.5
2022-09-01,Chest Dip,26.7
2022-09-01,Chest Fly,103.5
2022-09-01,Hammer Curl (Dumbbell),17.6
2022-09-01,Hip Abductor (Machine),114.8
2022-09-01,Hip Adductor (Machine),141.7
2022-09-01,Hip Thrust (Barbell),86.0
2022-09-01,Incline Bench Press (Dumbbell),51.6
2022-09-01,Incline Curl (Dumbbell),19.6
2022-09-01,Lat Pulldown (Cable),120.0
2022-09-01,Lateral Raise (Cable),11.8
2022-09-01,Leg Extension (Machine),106.2
2022-09-01,Pull Up,13.3
2022-09-01,Pullover (Machine),53.1
2022-09-01,Reverse Fly (Machine),76.7
2022-09-01,Romanian Deadlift (Barbell),112.0
2022-09-01,Seated Leg Curl (Machine),95.3
2022-09-01,Seated Leg Press (Machine),136.0
2022-09-01,Seated Overhead Press (Dumbbell),39.0
2022-09-01,Seated Row (Machine),112.0
2022-09-01,Shoulder Press (Machine),66.0
2022-09-01,Shrug (Dumbbell),43.2
2022-09-01,Squat (Smith Machine),86.0
2022-09-01,Triceps Extension,32.6
2022-09-01,Triceps Pushdown (Cable - Straight Bar),47.0
2022-10-01,Bench Press (Barbell),114.7
2022-10-01,Bicep Curl (Barbell),49.1
2022-10-01,Cable Crossover,26.0
2022-10-01,Chest Fly,112.0
2022-10-01,Chest Press (Machine),52.0
2022-10-01,Hammer Curl (Dumbbell),17.6
2022-10-01,Hip Abductor (Machine),125.7
2022-10-01,Hip Adductor (Machine),198.0
2022-10-01,Hip Thrust (Barbell),86.0
2022-10-01,Incline Bench Press (Dumbbell),51.6
2022-10-01,Incline Curl (Dumbbell),20.5
2022-10-01,Lat Pulldown (Cable),129.0
2022-10-01,Lateral Raise (Cable),11.5
2022-10-01,Lateral Raise (Dumbbell),16.8
2022-10-01,Leg Extension (Machine),116.0
2022-10-01,Reverse Fly (Machine),82.3
2022-10-01,Romanian Deadlift (Barbell),114.7
2022-10-01,Seated Leg Curl (Machine),101.8
2022-10-01,Seated Leg Press (Machine),139.3
2022-10-01,Seated Overhead Press (Dumbbell),39.9
2022-10-01,Seated Row (Cable),117.0
2022-10-01,Seated Row (Machine),63.3
2022-10-01,Shoulder Press (Machine),71.7
2022-10-01,Shrug (Barbell),40.7
2022-10-01,Shrug (Dumbbell),46.8
2022-10-01,Skullcrusher (Barbell),45.0
2022-10-01,Triceps Pushdown (Cable - Straight Bar),55.3
2022-10-01,Upright Row (Cable),42.2
2022-11-01,Bench Press (Barbell),109.3
2022-11-01,Bicep Curl (Barbell),44.8
2022-11-01,Bicep Curl (Machine),81.3
2022-11-01,Cable Crossover,22.5
2022-11-01,Chest Dip,30.0
2022-11-01,Chest Fly,99.7
2022-11-01,Hammer Curl (Dumbbell),18.7
2022-11-01,Hip Abductor (Machine),125.7
2022-11-01,Hip Adductor (Machine),170.8
2022-11-01,Incline Bench Press (Dumbbell),45.9
2022-11-01,Iso-Lateral Row (Machine),60.0
2022-11-01,Lat Pulldown (Cable),132.0
2022-11-01,Lateral Raise (Cable),11.8
2022-11-01,Leg Extension (Machine),113.6
2022-11-01,Lying Leg Curl (Machine),80.5
2022-11-01,Overhead Press (Dumbbell),33.6
2022-11-01,Pull Up,13.0
2022-11-01,Romanian Deadlift (Barbell),110.0
2022-11-01,Seated Leg Curl (Machine),95.3
2022-11-01,Seated Leg Press (Machine),164.0
2022-11-01,Seated Row (Machine),113.3
2022-11-01,Shoulder Press (Machine),66.0
2022-11-01,Shrug (Dumbbell),36.7
2022-11-01,T Bar Row,56.0
2022-11-01,Triceps Pushdown (Cable - Straight Bar),52.0
2022-11-01,Upright Row (Cable),44.1
2022-12-01,Back Extension,16.3
2022-12-01,Bench Press (Barbell),106.7
2022-12-01,Bicep Curl (Barbell),46.9
2022-12-01,Bicep Curl (Machine),79.6
2022-12-01,Cable Crossover,22.0
2022-12-01,Chest Dip,29.3
2022-12-01,Hammer Curl (Dumbbell),16.8
2022-12-01,Hip Abductor (Machine),135.3
2022-12-01,Hip Adductor (Machine),170.8
2022-12-01,Incline Bench Press (Dumbbell),45.9
2022-12-01,Iso-Lateral Row (Machine),60.0
2022-12-01,Lat Pulldown (Cable),123.0
2022-12-01,Lateral Raise (Cable),12.3
2022-12-01,Leg Extension (Machine),133.3
2022-12-01,Lying Leg Curl (Machine),80.5
2022-12-01,Pullover (Machine),44.1
2022-12-01,Romanian Deadlift (Barbell),105.0
2022-12-01,Seated Leg Curl (Machine),104.0
2022-12-01,Seated Leg Press (Machine),153.8
2022-12-01,Seated Overhead Press (Dumbbell),33.6
2022-12-01,Seated Row (Cable),93.3
2022-12-01,Shrug (Dumbbell),43.2
2022-12-01,Squat (Smith Machine),60.0
2022-12-01,Triceps Extension,32.6
2022-12-01,Triceps Extension (Cable),38.3
2022-12-01,Triceps Pushdown (Cable - Straight Bar),49.8
2022-12-01,Upright Row (Cable),41.5
2023-01-01,Back Extension,16.7
2023-01-01,Bench Press (Barbell),106.7
2023-01-01,Bicep Curl (Barbell),47.2
2023-01-01,Bicep Curl (Machine),92.0
2023-01-01,Cable Crossover,22.5
2023-01-01,Chest Dip,36.7
2023-01-01,Chest Fly,99.7
2023-01-01,Hammer Curl (Dumbbell),19.6
2023-01-01,Hip Abductor (Machine),125.7
2023-01-01,Hip Adductor (Machine),177.7
2023-01-01,Incline Bench Press (Dumbbell),51.6
2023-01-01,Incline Curl (Dumbbell),17.6
2023-01-01,Lat Pulldown (Cable),126.0
2023-01-01,Lateral Raise (Cable),11.7
2023-01-01,Lateral Raise (Dumbbell),16.0
2023-01-01,Leg Extension (Machine),134.2
2023-01-01,Leg Press,293.3
2023-01-01,Lunge (Dumbbell),25.2
2023-01-01,Lying Leg Curl (Machine),80.5
2023-01-01,Overhead Press (Dumbbell),34.5
2023-01-01,Pullover (Machine),54.2
2023-01-01,Reverse Fly (Machine),83.3
2023-01-01,Romanian Deadlift (Barbell),110.0
2023-01-01,Seated Leg Curl (Machine),101.3
2023-01-01,Seated Leg Press (Machine),165.0
2023-01-01,Seated Overhead Press (Dumbbell),34.4
2023-01-01,Seated Row (Cable),106.7
2023-01-01,Seated Row (Machine),109.3
2023-01-01,Shoulder Press (Machine),71.7
2023-01-01,Shrug (Dumbbell),44.2
2023-01-01,Skullcrusher (Barbell),45.0
2023-01-01,Triceps Extension,32.6
2023-01-01,Triceps Pushdown (Cable - Straight Bar),52.1
2023-01-01,Upright Row (Cable),46.0
2023-02-01,Bench Press (Barbell),107.3
2023-02-01,Bicep Curl (Barbell),44.8
2023-02-01,Cable Crossover,24.9
2023-02-01,Chest Dip,38.3
2023-02-01,Hip Abductor (Machine),125.7
2023-02-01,Hip Adductor (Machine),183.3
2023-02-01,Incline Bench Press (Dumbbell),50.4
2023-02-01,Incline Curl (Dumbbell),17.6
2023-02-01,Lat Pulldown (Cable),122.7
2023-02-01,Lateral Raise (Cable),11.5
2023-02-01,Lateral Raise (Dumbbell),12.8
2023-02-01,Leg Extension (Machine),142.9
2023-02-01,Lunge (Dumbbell),27.3
2023-02-01,Lying Leg Curl (Machine),80.5
2023-02-01,Pull Up,20.0
2023-02-01,Pullover (Machine),52.0
2023-02-01,Romanian Deadlift (Barbell),98.0
2023-02-01,Seated Leg Curl (Machine),103.5
2023-02-01,Seated Leg Press (Machine),164.0
2023-02-01,Seated Overhead Press (Dumbbell),36.8
2023-02-01,Seated Row (Cable),107.3
2023-02-01,Shoulder Press (Machine),70.5
2023-02-01,Shrug (Dumbbell),45.9
2023-02-01,Triceps Extension,27.4
2023-02-01,Triceps Extension (Cable),34.7
2023-02-01,Triceps Pushdown (Cable - Straight Bar),54.2
2023-02-01,Upright Row (Cable),44.1
2023-03-01,Back Extension,16.7
2023-03-01,Bench Press (Barbell),106.7
2023-03-01,Cable Crossover,22.0
2023-03-01,Chest Dip,33.3
2023-03-01,Crunch (Machine),100.0
2023-03-01,Incline Bench Press (Dumbbell),48.7
2023-03-01,Incline Curl (Dumbbell),18.4
2023-03-01,Knee Raise (Captain's Chair),0.0
2023-03-01,Lateral Raise (Cable),11.5
2023-03-01,Leg Extension (Machine),83.3
2023-03-01,Leg Press,56.7
2023-03-01,Lunge (Dumbbell),28.0
2023-03-01,Lying Leg Curl (Machine),80.5
2023-03-01,Pull Up,20.0
2023-03-01,Pullover (Machine),54.2
2023-03-01,Reverse Fly (Machine),76.7
2023-03-01,Romanian Deadlift (Barbell),107.3
2023-03-01,Seated Calf Raise (Plate Loaded),49.0
2023-03-01,Seated Leg Curl (Machine),103.5
2023-03-01,Seated Leg Press (Machine),150.3
2023-03-01,Seated Overhead Press (Dumbbell),38.1
2023-03-01,Seated Row (Cable),98.0
2023-03-01,Seated Row (Machine),112.0
2023-03-01,Shoulder Press (Machine),54.7
2023-03-01,Shrug (Dumbbell),43.3
2023-03-01,Standing Calf Raise (Machine),95.8
2023-03-01,Triceps Extension (Cable),32.6
2023-03-01,Triceps Pushdown (Cable - Straight Bar),46.6
2023-04-01,Back Extension,16.7
2023-04-01,Bench Press (Barbell),109.3
2023-04-01,Bicep Curl (Machine),76.0
2023-04-01,Cable Crossover,23.2
2023-04-01,Chest Dip,31.3
2023-04-01,Chest Press (Machine),44.4
2023-04-01,Crunch (Machine),104.2
2023-04-01,Hip Abductor (Machine),112.7
2023-04-01,Hip Adductor (Machine),170.8
2023-04-01,Incline Curl (Dumbbell),18.0
2023-04-01,Knee Raise (Captain's Chair),0.0
2023-04-01,Lat Pulldown (Cable),114.7
2023-04-01,Lateral Raise (Cable),12.0
2023-04-01,Leg Press,60.9
2023-04-01,Lunge (Dumbbell),31.5
2023-04-01,Lying Leg Curl (Machine),84.3
2023-04-01,Preacher Curl (Barbell),35.1
2023-04-01,Pull Up,14.0
2023-04-01,Pullover (Machine),54.2
2023-04-01,Reverse Fly (Machine),78.0
2023-04-01,Romanian Deadlift (Barbell),109.7
2023-04-01,Seated Calf Raise (Plate Loaded),56.3
2023-04-01,Seated Leg Curl (Machine),104.0
2023-04-01,Seated Leg Press (Machine),157.2
2023-04-01,Seated Overhead Press (Dumbbell),41.6
2023-04-01,Seated Row (Machine),115.5
2023-04-01,Shoulder Press (Machine),61.5
2023-04-01,Shrug (Dumbbell),42.5
2023-04-01,T Bar Row,57.3
2023-04-01,Triceps Pushdown (Cable - Straight Bar),52.0
2023-05-01,Bench Press (Barbell),109.3
2023-05-01,Bent Over Row (Barbell),86.0
2023-05-01,Bicep Curl (Machine),86.0
2023-05-01,Cable Crossover,23.2
2023-05-01,Chest Fly,110.5
2023-05-01,Crunch (Machine),106.2
2023-05-01,Incline Bench Press (Dumbbell),47.6
2023-05-01,Knee Raise (Captain's Chair),0.0
2023-05-01,Lat Pulldown (Cable),129.0
2023-05-01,Lateral Raise (Cable),11.5
2023-05-01,Lateral Raise (Dumbbell),14.7
2023-05-01,Leg Extension (Machine),133.3
2023-05-01,Lying Leg Curl (Machine),43.0
2023-05-01,Overhead Press (Dumbbell),39.9
2023-05-01,Preacher Curl (Barbell),43.2
2023-05-01,Pull Up,18.5
2023-05-01,Reverse Fly (Machine),84.3
2023-05-01,Romanian Deadlift (Barbell),107.3
2023-05-01,Seated Calf Raise (Plate Loaded),51.0
2023-05-01,Seated Leg Curl (Machine),99.7
2023-05-01,Seated Leg Press (Machine),160.6
2023-05-01,Seated Overhead Press (Dumbbell),37.6
2023-05-01,Seated Row (Cable),88.0
2023-05-01,Seated Row (Machine),112.0
2023-05-01,Shoulder Press (Machine),61.5
2023-05-01,Skullcrusher (Barbell),45.9
2023-05-01,Standing Calf Raise (Machine),110.5
2023-05-01,T Bar Row,63.0
2023-05-01,Triceps Pushdown (Cable - Straight Bar),54.2
2023-06-01,Bench Press (Barbell),102.5
2023-06-01,Bent Over Row (Barbell),88.0
2023-06-01,Bicep Curl (Dumbbell),20.1
2023-06-01,Deadlift (Barbell),122.7
2023-06-01,Face Pull (Cable),30.0
2023-06-01,Incline Bench Press (Dumbbell),45.9
2023-06-01,Lateral Raise (Dumbbell),16.0
2023-06-01,Leg Extension (Machine),116.0
2023-06-01,Preacher Curl (Barbell),41.4
2023-06-01,Pull Up,14.0
2023-06-01,Reverse Fly (Machine),83.3
2023-06-01,Romanian Deadlift (Barbell),98.0
2023-06-01,Seated Calf Raise (Plate Loaded),55.0
2023-06-01,Seated Leg Press (Machine),154.0
2023-06-01,Seated Overhead Press (Dumbbell),36.8
2023-06-01,Seated Row (Cable),100.3
2023-06-01,Seated Row (Machine),120.0
2023-06-01,Skullcrusher (Barbell),44.1
2023-06-01,Squat (Barbell),93.3
2023-06-01,Strict Military Press (Barbell),58.5
2023-06-01,Triceps Extension,27.4
2023-07-01,Bench Press (Barbell),112.0
2023-07-01,Bent Over Row (Barbell),93.8
2023-07-01,Chest Fly,109.7
2023-07-01,Deadlift (Barbell),126.7
2023-07-01,Face Pull (Cable),29.2
2023-07-01,Hammer Curl (Dumbbell),20.5
2023-07-01,Incline Bench Press (Dumbbell),48.0
2023-07-01,Lateral Raise (Cable),12.8
2023-07-01,Lateral Raise (Dumbbell),13.3
2023-07-01,Leg Extension (Machine),128.0
2023-07-01,Preacher Curl (Barbell),43.2
2023-07-01,Pull Up,14.0
2023-07-01,Reverse Fly (Machine),87.5
2023-07-01,Romanian Deadlift (Barbell),112.0
2023-07-01,Seated Calf Raise (Plate Loaded),65.3
2023-07-01,Seated Leg Press (Machine),172.5
2023-07-01,Seated Overhead Press (Dumbbell),41.6
2023-07-01,Seated Row (Cable),116.7
2023-07-01,Seated Row (Machine),121.8
2023-07-01,Skullcrusher (Barbell),46.2
2023-07-01,Squat (Barbell),100.3
2023-07-01,Strict Military Press (Barbell),63.3
2023-07-01,Triceps Extension,33.3
2023-08-01,Bench Press (Barbell),109.3
2023-08-01,Bent Over Row (Barbell),92.0
2023-08-01,Deadlift (Barbell),117.0
2023-08-01,Face Pull (Cable),27.4
2023-08-01,Hammer Curl (Dumbbell),19.1
2023-08-01,Incline Bench Press (Dumbbell),43.7
2023-08-01,Lat Pulldown (Cable),120.0
2023-08-01,Lateral Raise (Cable),12.5
2023-08-01,Lateral Raise (Dumbbell),12.8
2023-08-01,Leg Extension (Machine),104.0
2023-08-01,Overhead Press (Dumbbell),35.5
2023-08-01,Preacher Curl (Barbell),38.7
2023-08-01,Pull Up,13.0
2023-08-01,Romanian Deadlift (Barbell),102.7
2023-08-01,Seated Leg Press (Machine),172.3
2023-08-01,Seated Overhead Press (Dumbbell),36.4
2023-08-01,Seated Row (Machine),123.0
2023-08-01,Shoulder Press (Machine),68.0
2023-08-01,Squat (Barbell),88.7
2023-08-01,Triceps Extension,28.8
2023-09-01,Bench Press (Barbell),106.7
2023-09-01,Bicep Curl (Barbell),44.3
2023-09-01,Cable Crossover,24.0
2023-09-01,Chest Dip,28.0
2023-09-01,Hack Squat,95.7
2023-09-01,Hammer Curl (Dumbbell),20.5
2023-09-01,Incline Bench Press (Dumbbell),46.9
2023-09-01,Lat Pulldown (Cable),120.0
2023-09-01,Lateral Raise (Dumbbell),14.0
2023-09-01,Leg Extension (Machine),122.7
2023-09-01,Overhead Press (Dumbbell),35.5
2023-09-01,Pull Up,0.0
2023-09-01,Pullover (Machine),44.1
2023-09-01,Romanian Deadlift (Barbell),107.3
2023-09-01,Seated Leg Curl (Machine),95.8
2023-09-01,Seated Overhead Press (Dumbbell),35.5
2023-09-01,Seated Row (Cable),104.0
2023-09-01,Skullcrusher (Barbell),41.4
2023-09-01,Squat (Barbell),70.0
2023-09-01,T Bar Row,49.0
2023-09-01,Triceps Pushdown (Cable - Straight Bar),49.8
2023-09-01,schlitten ziehen,69.3
2023-10-01,Bench Press (Barbell),109.3
2023-10-01,Bicep Curl (Barbell),48.0
2023-10-01,Cable Crossover,23.5
2023-10-01,Chest Dip,23.0
2023-10-01,Face Pull (Cable),29.8
2023-10-01,Hammer Curl (Dumbbell),14.7
2023-10-01,Incline Bench Press (Dumbbell),49.9
2023-10-01,Lat Pulldown (Cable),129.0
2023-10-01,Lateral Raise (Dumbbell),16.8
2023-10-01,Leg Extension (Machine),101.8
2023-10-01,Leg Press,282.0
2023-10-01,Pullover (Machine),50.9
2023-10-01,Romanian Deadlift (Barbell),107.5
2023-10-01,Seated Leg Curl (Machine),92.0
2023-10-01,Seated Leg Press (Machine),172.3
2023-10-01,Seated Overhead Press (Dumbbell),40.7
2023-10-01,Seated Row (Cable),98.0
2023-10-01,Squat (Barbell),93.3
2023-10-01,Triceps Pushdown (Cable - Straight Bar),54.2
2023-10-01,Upright Row (Dumbbell),16.8
2023-11-01,Bench Press (Barbell),106.7
2023-11-01,Bicep Curl (Barbell),48.0
2023-11-01,Cable Crossover,23.0
2023-11-01,Hammer Curl (Dumbbell),16.4
2023-11-01,Lat Pulldown (Cable),126.0
2023-11-01,Lateral Raise (Dumbbell),16.8
2023-11-01,Pullover (Machine),49.8
2023-11-01,Reverse Fly (Machine),84.0
2023-11-01,Romanian Deadlift (Barbell),109.7
2023-11-01,Seated Overhead Press (Dumbbell),39.9
2023-11-01,Seated Row (Cable),112.0
2023-11-01,Squat (Barbell),98.0
2023-11-01,Triceps Pushdown (Cable - Straight Bar),53.1
2023-11-01,Upright Row (Dumbbell),16.8
2023-12-01,Bench Press (Barbell),95.7
2023-12-01,Bicep Curl (Barbell),45.2
2023-12-01,Bicep Curl (Cable),32.6
2023-12-01,Cable Crossover,21.1
2023-12-01,Face Pull (Cable),24.0
2023-12-01,Hammer Curl (Dumbbell),16.4
2023-12-01,Incline Bench Press (Dumbbell),45.3
2023-12-01,Lat Pulldown (Cable),123.0
2023-12-01,Lateral Raise (Dumbbell),15.7
2023-12-01,Pullover (Machine),52.0
2023-12-01,Romanian Deadlift (Barbell),102.7
2023-12-01,Seated Overhead Press (Dumbbell),39.9
2023-12-01,Seated Row (Cable),98.0
2023-12-01,Squat (Barbell),84.0
2023-12-01,Triceps Extension,28.0
2023-12-01,Triceps Pushdown (Cable - Straight Bar),52.0
2023-12-01,Upright Row (Dumbbell),15.3
2024-01-01,Bench Press (Barbell),95.7
2024-01-01,Bent Over One Arm Row (Dumbbell),40.7
2024-01-01,Bicep Curl (Barbell),49.1
2024-01-01,Bicep Curl (Cable),14.7
2024-01-01,Cable Crossover,21.0
2024-01-01,Face Pull (Cable),31.9
2024-01-01,Hammer Curl (Dumbbell),16.0
2024-01-01,Incline Bench Press (Dumbbell),45.9
2024-01-01,Lat Pulldown (Cable),120.0
2024-01-01,Lateral Raise (Dumbbell),16.3
2024-01-01,Leg Extension (Machine),88.2
2024-01-01,Lunge (Dumbbell),27.3
2024-01-01,Pull Up,14.7
2024-01-01,Pullover (Machine),42.2
2024-01-01,Reverse Fly (Dumbbell),12.3
2024-01-01,Romanian Deadlift (Barbell),100.3
2024-01-01,Seated Calf Raise (Plate Loaded),41.7
2024-01-01,Seated Leg Curl (Machine),95.3
2024-01-01,Seated Overhead Press (Dumbbell),42.9
2024-01-01,Seated Row (Cable),112.0
2024-01-01,Seated Row (Machine),112.0
2024-01-01,Shoulder Press (Machine),63.0
2024-01-01,Shrug (Dumbbell),41.6
2024-01-01,Skullcrusher (Barbell),41.4
2024-01-01,Split Squat Dumbbell,15.3
2024-01-01,Squat (Barbell),100.3
2024-01-01,Stiff Leg Deadlift (Dumbbell),37.3
2024-01-01,Triceps Extension (Cable),11.3
2024-01-01,Upright Row (Dumbbell),14.3
2024-02-01,Bent Over Row (Barbell),88.0
2024-02-01,Bicep Curl (Barbell),48.3
2024-02-01,Bicep Curl (Cable),14.7
2024-02-01,Cable Crossover,17.9
2024-02-01,Face Pull (Cable),27.4
2024-02-01,Hammer Curl (Dumbbell),16.8
2024-02-01,Incline Bench Press (Dumbbell),44.8
2024-02-01,Incline Curl (Dumbbell),15.3
2024-02-01,Lateral Raise (Dumbbell),12.3
2024-02-01,Lying Leg Curl (Machine),71.7
2024-02-01,Pull Up,14.3
2024-02-01,Pullover (Machine),46.6
2024-02-01,Reverse Fly (Machine),69.0
2024-02-01,Romanian Deadlift (Barbell),102.7
2024-02-01,Seated Calf Raise (Plate Loaded),34.0
2024-02-01,Seated Row (Machine),95.3
2024-02-01,Skullcrusher (Barbell),38.7
2024-02-01,Split Squat Dumbbell,21.0
2024-02-01,Squat (Barbell),93.3
2024-02-01,Stiff Leg Deadlift (Dumbbell),38.1
2024-03-01,Bench Press (Barbell),109.3
2024-03-01,Bent Over Row (Barbell),99.7
2024-03-01,Bicep Curl (Barbell),51.2
2024-03-01,Bicep Curl (Cable),40.3
2024-03-01,Calf Press on Leg Press,116.7
2024-03-01,Chest Dip,33.3
2024-03-01,Chest Fly,101.8
2024-03-01,Face Pull (Cable),35.7
2024-03-01,Incline Bench Press (Dumbbell),45.9
2024-03-01,Lat Pulldown (Cable),123.3
2024-03-01,Lateral Raise (Cable),11.0
2024-03-01,Lateral Raise (Dumbbell),12.3
2024-03-01,Leg Extension (Machine),90.0
2024-03-01,Lying Leg Curl (Machine),74.4
2024-03-01,Pull Up,14.3
2024-03-01,Pullover (Machine),49.8
2024-03-01,Reverse Fly (Machine),82.3
2024-03-01,Romanian Deadlift (Barbell),115.0
2024-03-01,Seated Calf Raise (Plate Loaded),41.7
2024-03-01,Seated Leg Curl (Machine),90.1
2024-03-01,Seated Leg Press (Machine),157.2
2024-03-01,Seated Overhead Press (Dumbbell),39.9
2024-03-01,Seated Row (Machine),105.0
2024-03-01,Shrug (Dumbbell),43.3
2024-03-01,Skullcrusher (Barbell),43.3
2024-03-01,Split Squat Dumbbell,30.7
2024-03-01,Squat (Barbell),102.7
2024-03-01,Stiff Leg Deadlift (Dumbbell),42.9
2024-03-01,Triceps Extension,34.0
2024-04-01,Bench Press (Barbell),106.7
2024-04-01,Bicep Curl (Cable),40.3
2024-04-01,Bicep Curl (Machine),84.0
2024-04-01,Chest Dip,29.3
2024-04-01,Chest Fly,99.0
2024-04-01,Face Pull (Cable),39.0
2024-04-01,Hip Abductor (Machine),114.8
2024-04-01,Hip Adductor (Machine),183.3
2024-04-01,Incline Bench Press (Dumbbell),48.7
2024-04-01,Knee Raise (Captain's Chair),0.0
2024-04-01,Lat Pulldown (Cable),129.5
2024-04-01,Lateral Raise (Dumbbell),9.6
2024-04-01,Lateral Raise (Machine),53.7
2024-04-01,Leg Extension (Machine),100.0
2024-04-01,Lying Leg Curl (Machine),73.3
2024-04-01,Pull Up,19.0
2024-04-01,Pullover (Machine),49.8
2024-04-01,Reverse Fly (Machine),84.0
2024-04-01,Romanian Deadlift (Barbell),115.0
2024-04-01,Seated Calf Raise (Plate Loaded),51.0
2024-04-01,Seated Leg Curl (Machine),94.0
2024-04-01,Seated Leg Press (Machine),160.6
2024-04-01,Seated Overhead Press (Dumbbell),39.9
2024-04-01,Seated Row (Cable),100.3
2024-04-01,Seated Row (Machine),106.3
2024-04-01,Shrug (Dumbbell),44.2
2024-04-01,Skullcrusher (Barbell),44.3
2024-04-01,Split Squat Dumbbell,32.3
2024-04-01,Squat (Barbell),107.5
2024-04-01,Stiff Leg Deadlift (Dumbbell),40.1
2024-04-01,Triceps Extension,32.6
2024-04-01,Triceps Extension (Cable),34.0
2024-04-01,Triceps Pushdown (Cable - Straight Bar),36.4
2024-05-01,Back Extension,16.3
2024-05-01,Bench Press (Barbell),100.0
2024-05-01,Bent Over Row (Barbell),91.0
2024-05-01,Bicep Curl (Barbell),48.0
2024-05-01,Bicep Curl (Cable),42.2
2024-05-01,Bicep Curl (Machine),92.0
2024-05-01,Chest Fly,99.7
2024-05-01,Crunch (Machine),97.8
2024-05-01,Front Squat (Barbell),95.3
2024-05-01,Hip Abductor (Machine),110.5
2024-05-01,Hip Adductor (Machine),165.8
2024-05-01,Incline Bench Press (Barbell),98.0
2024-05-01,Incline Bench Press (Dumbbell),48.7
2024-05-01,Incline Curl (Dumbbell),18.0
2024-05-01,Knee Raise (Captain's Chair),0.0
2024-05-01,Lat Pulldown (Cable),126.0
2024-05-01,Lateral Raise (Dumbbell),15.7
2024-05-01,Lateral Raise (Machine),48.8
2024-05-01,Leg Extension (Machine),100.0
2024-05-01,Lying Leg Curl (Machine),76.7
2024-05-01,Pull Up,20.0
2024-05-01,Reverse Fly (Dumbbell),9.6
2024-05-01,Romanian Deadlift (Barbell),107.3
2024-05-01,Seated Calf Raise (Plate Loaded),52.0
2024-05-01,Seated Leg Curl (Machine),93.2
2024-05-01,Seated Leg Press (Machine),153.3
2024-05-01,Seated Overhead Press (Dumbbell),41.6
2024-05-01,Seated Row (Cable),120.0
2024-05-01,Seated Row (Machine),114.7
2024-05-01,Shrug (Dumbbell),32.7
2024-05-01,Skullcrusher (Barbell),45.2
2024-05-01,Squat (Barbell),101.5
2024-05-01,Stiff Leg Deadlift (Dumbbell),39.9
2024-05-01,Strict Military Press (Barbell),60.0
2024-05-01,Triceps Extension (Cable),35.8
2024-05-01,Triceps Pushdown (Cable - Straight Bar),55.6
2024-06-01,Bent Over Row (Barbell),90.0
2024-06-01,Bicep Curl (Barbell),46.9
2024-06-01,Bicep Curl (Cable),41.1
2024-06-01,Bicep Curl (Machine),94.0
2024-06-01,Chest Fly,104.0
2024-06-01,Crunch (Machine),97.8
2024-06-01,Incline Bench Press (Barbell),98.0
2024-06-01,Incline Bench Press (Dumbbell),51.0
2024-06-01,Lat Pulldown (Cable),132.0
2024-06-01,Lateral Raise (Dumbbell),16.8
2024-06-01,Lateral Raise (Machine),51.3
2024-06-01,Leg Extension (Machine),100.0
2024-06-01,Lying Leg Curl (Machine),88.0
2024-06-01,Pull Up,20.0
2024-06-01,Pullover (Machine),38.5
2024-06-01,Reverse Fly (Dumbbell),10.0
2024-06-01,Romanian Deadlift (Barbell),88.0
2024-06-01,Seated Calf Raise (Plate Loaded),52.0
2024-06-01,Seated Leg Curl (Machine),96.0
2024-06-01,Seated Leg Press (Machine),167.4
2024-06-01,Seated Overhead Press (Dumbbell),39.9
2024-06-01,Seated Row (Machine),120.0
2024-06-01,Skullcrusher (Barbell),46.9
2024-06-01,Squat (Barbell),98.0
2024-06-01,Standing Leg Curl,44.0
2024-06-01,Triceps Extension (Cable),36.4
2024-06-01,Triceps Extension (Machine),164.0
2024-06-01,Triceps Pushdown (Cable - Straight Bar),58.0
2024-07-01,Bent Over Row (Barbell),99.7
2024-07-01,Bicep Curl (Cable),31.2
2024-07-01,Cable Crossover,21.0
2024-07-01,Chest Dip,31.7
2024-07-01,Chest Fly,111.2
2024-07-01,Crunch (Machine),97.8
2024-07-01,Face Pull (Cable),41.1
2024-07-01,Hack Squat,52.0
2024-07-01,Hip Adductor (Machine),183.3
2024-07-01,Incline Bench Press (Barbell),93.3
2024-07-01,Incline Bench Press (Dumbbell),47.6
2024-07-01,Iso-Lateral Row (Machine),62.3
2024-07-01,Lat Pulldown (Cable),117.3
2024-07-01,Lateral Raise (Cable),11.0
2024-07-01,Lateral Raise (Dumbbell),16.7
2024-07-01,Leg Extension (Machine),115.0
2024-07-01,Lying Leg Curl (Machine),84.3
2024-07-01,Overhead Press (Dumbbell),41.1
2024-07-01,Pull Up,19.5
2024-07-01,Pullover (Machine),38.3
2024-07-01,Reverse Fly (Dumbbell),9.6
2024-07-01,Romanian Deadlift (Barbell),106.7
2024-07-01,Seated Calf Raise (Plate Loaded),66.7
2024-07-01,Seated Leg Curl (Machine),88.2
2024-07-01,Seated Leg Press (Machine),168.7
2024-07-01,Seated Overhead Press (Dumbbell),40.1
2024-07-01,Seated Row (Machine),126.5
2024-07-01,Standing Calf Raise (Machine),133.3
2024-07-01,T Bar Row,60.0
2024-07-01,Triceps Extension,35.4
2024-07-01,Triceps Extension (Cable),37.2
2024-07-01,Triceps Pushdown (Cable - Straight Bar),51.8
2024-08-01,Bicep Curl (Cable),15.4
2024-08-01,Bicep Curl (Dumbbell),21.3
2024-08-01,Bicep Curl (Machine),81.3
2024-08-01,Cable Crossover,15.8
2024-08-01,Crunch (Machine),106.3
2024-08-01,Face Pull (Cable),40.0
2024-08-01,Hack Squat,46.7
2024-08-01,Hip Adductor (Machine),207.6
2024-08-01,Incline Bench Press (Dumbbell),49.9
2024-08-01,Incline Chest Press (Machine),73.3
2024-08-01,Iso-Lateral Row (Machine),59.5
2024-08-01,Lat Pulldown (Cable),114.7
2024-08-01,Lateral Raise (Dumbbell),11.7
2024-08-01,Leg Extension (Machine),130.0
2024-08-01,Lying Leg Curl (Machine),80.7
2024-08-01,Pull Up,0.0
2024-08-01,Pullover (Machine),49.8
2024-08-01,Romanian Deadlift (Barbell),114.7
2024-08-01,Seated Calf Raise (Plate Loaded),64.0
2024-08-01,Seated Leg Curl (Machine),100.0
2024-08-01,Seated Overhead Press (Dumbbell),39.9
2024-08-01,Standing Calf Raise (Machine),133.3
2024-08-01,T Bar Row,63.0
2024-08-01,Triceps Extension,34.8
2024-08-01,Triceps Extension (Cable),31.2
2024-08-01,Triceps Pushdown (Cable - Straight Bar),58.0
2024-08-01,Upright Row (Barbell),44.8
2024-09-01,Bench Press (Barbell),98.0
2024-09-01,Bicep Curl (Barbell),43.3
2024-09-01,Bicep Curl (Cable),16.1
2024-09-01,Bicep Curl (Dumbbell),19.6
2024-09-01,Cable Crossover,18.0
2024-09-01,Chest Dip,22.5
2024-09-01,Chest Fly,91.0
2024-09-01,Chest Press (Machine),86.0
2024-09-01,Face Pull (Cable),37.6
2024-09-01,Hack Squat,49.0
2024-09-01,Incline Bench Press (Dumbbell),46.5
2024-09-01,Lat Pulldown (Cable),109.3
2024-09-01,Lateral Raise (Cable),10.8
2024-09-01,Lateral Raise (Dumbbell),16.8
2024-09-01,Leg Extension (Machine),130.0
2024-09-01,Overhead Press (Dumbbell),40.1
2024-09-01,Pull Up,14.3
2024-09-01,Romanian Deadlift (Barbell),105.0
2024-09-01,Standing Calf Raise (Machine),136.0
2024-09-01,T Bar Row,53.3
2024-09-01,Triceps Extension,34.8
2024-09-01,Triceps Extension (Cable),31.2
2024-09-01,Triceps Pushdown (Cable - Straight Bar),55.6
2024-09-01,Upright Row (Barbell),43.3
2024-10-01,Bicep Curl (Machine),67.4
2024-10-01,Cable Crossover,18.0
2024-10-01,Chest Dip,22.0
2024-10-01,Hack Squat,51.3
2024-10-01,Hammer Curl (Dumbbell),16.0
2024-10-01,Incline Bench Press (Dumbbell),46.5
2024-10-01,Iso-Lateral Row (Machine),49.0
2024-10-01,Lat Pulldown (Cable),109.3
2024-10-01,Lateral Raise (Dumbbell),12.3
2024-10-01,Lying Leg Curl (Machine),76.7
2024-10-01,Reverse Fly (Machine),69.0
2024-10-01,Triceps Pushdown (Cable - Straight Bar),52.0
2024-11-01,Back Extension,16.0
2024-11-01,Bench Press (Barbell),106.7
2024-11-01,Bicep Curl (Barbell),42.3
2024-11-01,Bicep Curl (Cable),16.5
2024-11-01,Bicep Curl (Machine),60.9
2024-11-01,Cable Crossover,19.5
2024-11-01,Cable Crunch,52.1
2024-11-01,Chest Fly,93.2
2024-11-01,Chest Press (Machine),78.0
2024-11-01,Crunch (Machine),108.3
2024-11-01,Face Pull (Cable),38.0
2024-11-01,Hack Squat,54.7
2024-11-01,Hammer Curl (Dumbbell),17.2
2024-11-01,Hip Adductor (Machine),195.8
2024-11-01,Incline Bench Press (Dumbbell),45.9
2024-11-01,Lateral Raise (Cable),9.8
2024-11-01,Lateral Raise (Dumbbell),13.3
2024-11-01,Lying Leg Curl (Machine),82.5
2024-11-01,Pull Up,14.0
2024-11-01,Pullover (Machine),39.4
2024-11-01,Reverse Fly (Machine),77.0
2024-11-01,Seated Leg Press (Machine),157.2
2024-11-01,Seated Overhead Press (Dumbbell),39.2
2024-11-01,Seated Row (Machine),112.0
2024-11-01,Shoulder Press (Machine),64.5
2024-11-01,Split Squat Dumbbell,27.6
2024-11-01,Standing Calf Raise (Machine),133.3
2024-11-01,T Bar Row,54.7
2024-11-01,Triceps Extension,13.4
2024-11-01,Triceps Extension (Cable),34.0
2024-11-01,Triceps Extension (Dumbbell),44.4
2024-11-01,Triceps Pushdown (Cable - Straight Bar),53.1
2024-11-01,Upright Row (Barbell),42.2
2024-11-01,Upright Row (Cable),39.4
2024-12-01,Bicep Curl (Cable),17.3
2024-12-01,Cable Crossover,13.4
2024-12-01,Chest Press (Machine),71.5
2024-12-01,Face Pull (Cable),38.0
2024-12-01,Hack Squat,52.0
2024-12-01,Hammer Curl (Dumbbell),16.8
2024-12-01,Hip Adductor (Machine),180.2
2024-12-01,Incline Bench Press (Dumbbell),45.3
2024-12-01,Lat Pulldown (Machine),100.1
2024-12-01,Lateral Raise (Dumbbell),12.8
2024-12-01,Leg Extension (Machine),116.0
2024-12-01,Lying Leg Curl (Machine),71.5
2024-12-01,Preacher Curl (Dumbbell),17.2
2024-12-01,Pull Up,19.5
2024-12-01,Pullover (Machine),43.1
2024-12-01,Seated Calf Raise (Plate Loaded),54.8
2024-12-01,Seated Leg Curl (Machine),99.7
2024-12-01,Seated Leg Press (Machine),146.7
2024-12-01,Seated Row (Machine),116.0
2024-12-01,Shoulder Press (Machine),56.7
2024-12-01,Shrug (Dumbbell),40.0
2024-12-01,T Bar Row,61.5
2024-12-01,Triceps Extension (Cable),36.7
2024-12-01,Triceps Pushdown (Cable - Straight Bar),50.9
2025-01-01,Bicep Curl (Cable),26.9
2025-01-01,Bicep Curl (Machine),37.6
2025-01-01,Cable Crossover,13.4
2025-01-01,Chest Dip,0.0
2025-01-01,Chest Fly,84.5
2025-01-01,Chest Press (Machine),68.3
2025-01-01,Hack Squat,63.0
2025-01-01,Hip Thrust (Barbell),63.0
2025-01-01,Iso-Lateral Row (Machine),96.7
2025-01-01,Knee Raise (Captain's Chair),0.0
2025-01-01,Lat Pulldown (Cable),95.7
2025-01-01,Lateral Raise (Machine),34.8
2025-01-01,Leg Extension (Machine),111.2
2025-01-01,Lying Leg Curl (Machine),65.0
2025-01-01,Pull Up,0.0
2025-01-01,Seated Leg Press (Machine),150.3
2025-01-01,Shoulder Press (Machine),38.5
2025-01-01,Triceps Extension (Cable),33.0
2025-01-01,Triceps Pushdown (Cable - Straight Bar),44.1
2025-02-01,Bicep Curl (Cable),31.2
2025-02-01,Cable Crossover,17.3
2025-02-01,Chest Fly,86.7
2025-02-01,Hack Squat,82.0
2025-02-01,Incline Bench Press (Dumbbell),43.7
2025-02-01,Lat Pulldown (Cable),95.7
2025-02-01,Lateral Raise (Dumbbell),12.0
2025-02-01,Lateral Raise (Machine),28.0
2025-02-01,Leg Extension (Machine),120.0
2025-02-01,Lying Leg Curl (Machine),78.6
2025-02-01,Pullover (Machine),44.1
2025-02-01,Romanian Deadlift (Barbell),92.0
2025-02-01,Seated Calf Raise (Plate Loaded),47.7
2025-02-01,Seated Leg Curl (Machine),86.3
2025-02-01,Seated Leg Press (Machine),143.5
2025-02-01,Seated Overhead Press (Dumbbell),31.5
2025-02-01,Seated Row (Machine),109.3
2025-02-01,Shoulder Press (Machine),36.7
2025-02-01,Standing Calf Raise (Machine),111.2
2025-02-01,T Bar Row,60.0
2025-02-01,Triceps Extension (Cable),32.6
2025-02-01,Upright Row (Barbell),30.7
2025-03-01,Bench Press (Barbell),98.0
2025-03-01,Bent Over One Arm Row (Dumbbell),41.1
2025-03-01,Bicep Curl (Cable),30.8
2025-03-01,Cable Crossover,19.2
2025-03-01,Chest Dip,18.4
2025-03-01,Chest Fly,86.3
2025-03-01,Face Pull (Cable),39.2
2025-03-01,Hack Squat,91.0
2025-03-01,Hammer Curl (Dumbbell),18.7
2025-03-01,Hip Abductor (Machine),115.0
2025-03-01,Hip Adductor (Machine),195.8
2025-03-01,Incline Bench Press (Dumbbell),45.9
2025-03-01,Incline Curl (Dumbbell),16.8
2025-03-01,Lat Pulldown (Cable),117.3
2025-03-01,Lateral Raise (Dumbbell),12.8
2025-03-01,Lateral Raise (Machine),42.2
2025-03-01,Leg Extension (Machine),122.7
2025-03-01,Leg Press,225.0
2025-03-01,Lying Leg Curl (Machine),80.0
2025-03-01,Pullover (Machine),46.0
2025-03-01,Reverse Cable Curl,12.3
2025-03-01,Romanian Deadlift (Barbell),114.7
2025-03-01,Seated Leg Curl (Machine),95.3
2025-03-01,Seated Leg Press (Machine),156.7
2025-03-01,Seated Overhead Press (Dumbbell),36.4
2025-03-01,Seated Row (Cable),87.1
2025-03-01,Seated Row (Machine),117.0
2025-03-01,Shoulder Press (Machine),46.7
2025-03-01,Shrug (Dumbbell),41.6
2025-03-01,Single Leg Press,100.3
2025-03-01,T Bar Row,63.3
2025-03-01,Triceps Extension (Cable),39.4
2025-03-01,Triceps Pushdown (Cable - Straight Bar),53.7
2025-03-01,Upright Row (Barbell),35.8
2025-03-01,Upright Row (Cable),40.1
2025-04-01,Bent Over One Arm Row (Dumbbell),43.0
2025-04-01,Bicep Curl (Cable),18.8
2025-04-01,Cable Crossover,21.1
2025-04-01,Chest Dip,35.0
2025-04-01,Face Pull (Cable),37.6
2025-04-01,Hack Squat,107.5
2025-04-01,Hammer Curl (Dumbbell),21.0
2025-04-01,Hip Abductor (Machine),126.0
2025-04-01,Hip Adductor (Machine),168.7
2025-04-01,Incline Bench Press (Dumbbell),48.7
2025-04-01,Incline Curl (Dumbbell),17.6
2025-04-01,Lat Pulldown (Cable),109.7
2025-04-01,Lateral Raise (Dumbbell),15.0
2025-04-01,Leg Extension (Machine),115.0
2025-04-01,Leg Press,172.5
2025-04-01,Pull Up,14.3
2025-04-01,Pullover (Machine),42.9
2025-04-01,Reverse Cable Curl,23.0
2025-04-01,Romanian Deadlift (Barbell),109.3
2025-04-01,Seated Leg Curl (Machine),82.0
2025-04-01,Seated Overhead Press (Dumbbell),39.2
2025-04-01,Seated Row (Machine),112.0
2025-04-01,Triceps Extension (Cable),38.3
2025-04-01,Triceps Pushdown (Cable - Straight Bar),58.0
2025-04-01,Upright Row (Cable),43.1
2025-05-01,Bent Over One Arm Row (Dumbbell),48.7
2025-05-01,Bicep Curl (Cable),31.9
2025-05-01,Bulgarian Split Squat,23.5
2025-05-01,Cable Crossover,22.2
2025-05-01,Chest Dip,37.5
2025-05-01,Face Pull (Cable),36.4
2025-05-01,Hack Squat,80.0
2025-05-01,Hammer Curl (Dumbbell),21.3
2025-05-01,Incline Bench Press (Dumbbell),49.9
2025-05-01,Incline Curl (Dumbbell),18.8
2025-05-01,Lat Pulldown (Cable),129.0
2025-05-01,Lateral Raise (Dumbbell),15.3
2025-05-01,Leg Extension (Machine),134.2
2025-05-01,Lying Leg Curl (Machine),70.0
2025-05-01,Pull Up,21.5
2025-05-01,Pullover (Machine),40.3
2025-05-01,Reverse Cable Curl,20.0
2025-05-01,Romanian Deadlift (Barbell),112.0
2025-05-01,Seated Leg Curl (Machine),97.5
2025-05-01,Seated Leg Press (Machine),152.8
2025-05-01,Seated Overhead Press (Dumbbell),41.1
2025-05-01,Seated Row (Machine),112.0
2025-05-01,Shrug (Dumbbell),41.6
2025-05-01,Standing Calf Raise (Machine),116.0
2025-05-01,Standing Leg Curl,45.0
2025-05-01,Triceps Extension (Cable),34.0
2025-05-01,Triceps Pushdown (Cable - Straight Bar),54.4
2025-05-01,Upright Row (Cable),43.1
2025-06-01,Bent Over One Arm Row (Dumbbell),49.9
2025-06-01,Bicep Curl (Cable),31.9
2025-06-01,Bulgarian Split Squat,29.3
2025-06-01,Cable Crossover,23.0
2025-06-01,Chest Dip,44.3
2025-06-01,Face Pull (Cable),34.4
2025-06-01,Hack Squat,106.7
2025-06-01,Hammer Curl (Dumbbell),21.3
2025-06-01,Incline Bench Press (Dumbbell),48.7
2025-06-01,Incline Curl (Dumbbell),17.6
2025-06-01,Lateral Raise (Dumbbell),15.7
2025-06-01,Leg Extension (Machine),136.2
2025-06-01,Lying Leg Curl (Machine),82.5
2025-06-01,Pull Up,25.3
2025-06-01,Pullover (Machine),45.5
2025-06-01,Reverse Cable Curl,24.9
2025-06-01,Romanian Deadlift (Barbell),120.0
2025-06-01,Seated Leg Curl (Machine),95.3
2025-06-01,Seated Overhead Press (Dumbbell),42.0
2025-06-01,Shrug (Dumbbell),45.7
2025-06-01,Standing Leg Curl,49.0
2025-06-01,Triceps Extension (Cable),34.7
2025-06-01,Triceps Extensions Stange,34.8
2025-06-01,Triceps Pushdown (Cable - Straight Bar),55.6
2025-06-01,Upright Row (Cable),41.2
2025-07-01,Bench Press (Barbell),106.7
2025-07-01,Bent Over One Arm Row (Dumbbell),48.7
2025-07-01,Bicep Curl (Cable),18.4
2025-07-01,Bulgarien Split SMITH,41.0
2025-07-01,Cable Crossover,23.0
2025-07-01,Chest Dip,36.7
2025-07-01,Face Pull (Cable),39.2
2025-07-01,Hack Squat,63.3
2025-07-01,Hammer Curl (Dumbbell),20.5
2025-07-01,Incline Bench Press (Dumbbell),48.0
2025-07-01,Incline Curl (Dumbbell),19.1
2025-07-01,Lat Pulldown (Cable),123.0
2025-07-01,Lateral Raise (Cable),11.1
2025-07-01,Lateral Raise (Dumbbell),15.7
2025-07-01,Leg Extension (Machine),131.3
2025-07-01,Pull Up,20.5
2025-07-01,Pullover (Machine),41.2
2025-07-01,Reverse Cable Curl,25.5
2025-07-01,Reverse Fly (Machine),77.0
2025-07-01,Romanian Deadlift (Barbell),126.0
2025-07-01,Seated Calf Raise (Plate Loaded),57.3
2025-07-01,Seated Overhead Press (Dumbbell),40.1
2025-07-01,Seated Row (Cable),102.7
2025-07-01,Shrug (Dumbbell),49.9
2025-07-01,Skullcrusher (Barbell),35.0
2025-07-01,Standing Leg Curl,44.0
2025-07-01,Triceps Extension (Cable),29.4
2025-07-01,Triceps Extensions Stange,41.2
2025-07-01,Upright Row (Cable),44.1
2025-08-01,Bent Over One Arm Row (Dumbbell),47.6
2025-08-01,Bicep Curl (Cable),17.5
2025-08-01,Bulgarien Split SMITH,40.0
2025-08-01,Cable Crossover,19.2
2025-08-01,Face Pull (Cable),32.6
2025-08-01,Hack Squat,56.0
2025-08-01,Hip Abductor (Machine),116.0
2025-08-01,Hip Adductor (Machine),188.0
2025-08-01,Incline Bench Press (Dumbbell),46.5
2025-08-01,Incline Curl (Dumbbell),18.4
2025-08-01,Lat Pulldown (Cable),126.7
2025-08-01,Lateral Raise (Dumbbell),14.7
2025-08-01,Overhead Press (Smith Machine),52.5
2025-08-01,Pull Up,20.0
2025-08-01,Pullover (Machine),36.4
2025-08-01,Romanian Deadlift (Barbell),112.0
2025-08-01,Seated Calf Raise (Plate Loaded),49.0
2025-08-01,Seated Overhead Press (Dumbbell),35.5
2025-08-01,Shrug (Dumbbell),44.8
2025-08-01,T Bar Row,56.0
2025-08-01,Triceps Extension (Cable),39.3
2025-08-01,Upright Row (Cable),36.7
2025-09-01,Back Extension,16.0
2025-09-01,Bicep Curl (Cable),16.5
2025-09-01,Bulgarien Split SMITH,28.0
2025-09-01,Chest Dip,0.0
2025-09-01,Hammer Curl (Dumbbell),19.1
2025-09-01,Lateral Raise (Cable),11.1
2025-09-01,Overhead Press (Smith Machine),52.0
2025-09-01,Pull Up,19.1
2025-09-01,Reverse Fly (Machine),61.5
2025-09-01,Romanian Deadlift (Barbell),101.3
2025-09-01,Seated Row (Cable),86.0
2025-09-01,Shoulder Press (Machine),53.3
2025-09-01,Triceps Extension (Cable),39.3
2025-09-01,Triceps Extensions Stange,44.1
2025-09-01,Triceps Pushdown (Cable - Straight Bar),55.6
2025-10-01,Bent Over One Arm Row (Dumbbell),44.0
2025-10-01,Bicep Curl (Cable),17.6
2025-10-01,Bulgarien Split SMITH,41.0
2025-10-01,Cable Crossover,21.4
2025-10-01,Chest Fly,93.2
2025-10-01,Hack Squat,60.0
2025-10-01,Hammer Curl (Dumbbell),19.6
2025-10-01,Hip Abductor (Machine),116.0
2025-10-01,Hip Adductor (Machine),172.0
2025-10-01,Incline Bench Press (Dumbbell),44.8
2025-10-01,Incline Bench Press (Smith Machine),106.7
2025-10-01,Incline Curl (Dumbbell),17.6
2025-10-01,Lateral Raise (Cable),11.3
2025-10-01,Lateral Raise (Dumbbell),13.6
2025-10-01,Overhead Press (Smith Machine),68.3
2025-10-01,Pull Up,20.0
2025-10-01,Reverse Fly (Machine),82.3
2025-10-01,Romanian Deadlift (Barbell),114.0
2025-10-01,Seated Leg Curl (Machine),82.4
2025-10-01,Seated Row (Machine),116.7
2025-10-01,Shrug (Dumbbell),47.6
2025-10-01,Triceps Extensions Stange,46.0
2025-12-01,Bent Over One Arm Row (Dumbbell),41.1
2025-12-01,Bicep Curl (Cable),13.9
2025-12-01,Bulgarien Split SMITH,26.0
2025-12-01,Cable Crossover,12.3
2025-12-01,Chest Dip,22.5
2025-12-01,Chest Fly,67.5
2025-12-01,Hack Squat,86.0
2025-12-01,Hip Abductor (Machine),96.0
2025-12-01,Hip Adductor (Machine),144.0
2025-12-01,Hip Thrust (Barbell),67.5
2025-12-01,Incline Bench Press (Barbell),93.3
2025-12-01,Incline Bench Press (Dumbbell),44.8
2025-12-01,Incline Curl (Dumbbell),16.8
2025-12-01,Lat Pulldown (Cable),116.9
2025-12-01,Lateral Raise (Dumbbell),12.8
2025-12-01,Leg Extension (Machine),108.8
2025-12-01,Overhead Press (Smith Machine),53.3
2025-12-01,Pull Up,19.0
2025-12-01,Romanian Deadlift (Barbell),105.0
2025-12-01,Seated Row (Cable),86.0
2025-12-01,Seated Row (Machine),114.7
2025-12-01,Shrug (Dumbbell),50.0
2025-12-01,Skullcrusher (Barbell),30.7
2025-12-01,Standing Calf Raise (Machine),152.0
2025-12-01,Triceps Extension (Cable),32.9
2026-01-01,Bent Over One Arm Row (Dumbbell),39.2
2026-01-01,Bulgarien Split SMITH,39.0
2026-01-01,Cable Crossover,13.0
2026-01-01,Chest Dip,28.7
2026-01-01,Chest Fly,67.5
2026-01-01,Face Pull (Cable),32.6
2026-01-01,Hack Squat,78.8
2026-01-01,Hammer Curl (Dumbbell),16.0
2026-01-01,Incline Bench Press (Dumbbell),47.6
2026-01-01,Incline Curl (Dumbbell),17.7
2026-01-01,Lat Pulldown (Cable),109.3
2026-01-01,Lateral Raise (Dumbbell),13.1
2026-01-01,Lying Leg Curl (Machine),63.3
2026-01-01,Overhead Press (Dumbbell),35.5
2026-01-01,Overhead Press (Smith Machine),52.0
2026-01-01,Pull Up,24.0
2026-01-01,Pullover (Machine),33.7
2026-01-01,Reverse Fly (Machine),76.7
2026-01-01,Romanian Deadlift (Barbell),75.0
2026-01-01,Seated Leg Curl (Machine),91.0
2026-01-01,Seated Row (Machine),110.0
2026-01-01,Skullcrusher (Barbell),38.7
2026-01-01,Standing Calf Raise (Machine),152.0
2026-01-01,Triceps Extension (Cable),32.9
2026-01-01,Triceps Pushdown (Cable - Straight Bar),55.6
2026-01-01,Upright Row (Cable),36.7
2026-02-01,Bicep Curl (Cable),15.8
2026-02-01,Bulgarian Split Squat,29.3
2026-02-01,Bulgarien Split SMITH,41.0
2026-02-01,Cable Crossover,15.4
2026-02-01,Chest Dip,35.8
2026-02-01,Hack Squat,86.3
2026-02-01,Hammer Curl (Dumbbell),19.1
2026-02-01,Incline Bench Press (Dumbbell),46.5
2026-02-01,Incline Curl (Dumbbell),18.2
2026-02-01,Lat Pulldown (Cable),109.3
2026-02-01,Lateral Raise (Cable),11.0
2026-02-01,Lateral Raise (Dumbbell),12.8
2026-02-01,Leg Extension (Machine),131.3
2026-02-01,Lying Leg Curl (Machine),86.7
2026-02-01,Overhead Press (Smith Machine),50.7
2026-02-01,Pull Up,24.0
2026-02-01,Reverse Fly (Machine),84.3
2026-02-01,Romanian Deadlift (Barbell),84.0
2026-02-01,Seated Leg Curl (Machine),96.8
2026-02-01,Seated Row (Machine),119.0
2026-02-01,Shrug (Dumbbell),51.2
2026-02-01,Skullcrusher (Barbell),44.3
2026-02-01,Standing Calf Raise (Machine),152.0
2026-02-01,T Bar Row,61.5
2026-02-01,Triceps Extension (Cable),36.7
2026-02-01,Upright Row (Cable),39.3
2026-03-01,Bench Press (Barbell),109.3
2026-03-01,Bent Over One Arm Row (Dumbbell),43.0
2026-03-01,Bulgarien Split SMITH,48.0
2026-03-01,Cable Crossover,20.6
2026-03-01,Chest Dip,35.8
2026-03-01,Chest Fly,103.9
2026-03-01,Front Raise (Barbell),14.3
2026-03-01,Hammer Curl (Dumbbell),18.7
2026-03-01,Lateral Raise (Dumbbell),12.8
2026-03-01,Leg Extension (Machine),148.0
2026-03-01,Lying Leg Curl (Machine),71.7
2026-03-01,Pull Up,19.5
2026-03-01,Pullover (Machine),42.0
2026-03-01,Reverse Fly (Machine),84.3
2026-03-01,Romanian Deadlift (Barbell),98.0
2026-03-01,Seated Leg Curl (Machine),96.8
2026-03-01,Seated Row (Machine),112.0
2026-03-01,Skullcrusher (Barbell),44.3
2026-03-01,Triceps Extension (Cable),39.6
2026-03-01,Triceps Pushdown (Cable - Straight Bar),55.6
2026-04-01,Bench Press (Barbell),109.3
2026-04-01,Bent Over One Arm Row (Dumbbell),42.0
2026-04-01,Bicep Curl (Cable),16.4
2026-04-01,Bulgarien Split SMITH,22.4
2026-04-01,Chest Dip,43.0
2026-04-01,Chest Fly,103.9
2026-04-01,Hack Squat,61.5
2026-04-01,Hammer Curl (Dumbbell),17.7
2026-04-01,Incline Bench Press (Dumbbell),43.7
2026-04-01,Incline Curl (Dumbbell),17.2
2026-04-01,Lat Pulldown (Cable),107.5
2026-04-01,Lateral Raise (Dumbbell),14.3
2026-04-01,Lateral Raise (Machine),42.2
2026-04-01,Leg Extension (Machine),142.5
2026-04-01,Lying Leg Curl (Machine),92.0
2026-04-01,Overhead Press (Dumbbell),39.2
2026-04-01,Pendulum Squat,63.3
2026-04-01,Pull Up,26.7
2026-04-01,Pullover (Machine),39.6
2026-04-01,Reverse Fly (Machine),84.3
2026-04-01,Romanian Deadlift (Barbell),84.0
2026-04-01,Seated Leg Curl (Machine),99.1
2026-04-01,Seated Overhead Press (Dumbbell),38.3
2026-04-01,Seated Row (Cable),100.3
2026-04-01,Skullcrusher (Barbell),44.3
2026-04-01,T Bar Row,63.0
2026-04-01,Triceps Extension,13.1
2026-04-01,Triceps Extension (Cable),35.6
2026-04-01,Triceps Extensions Stange,39.4
2026-05-01,Archer Pull,100.3
2026-05-01,Bench Press (Barbell),107.7
2026-05-01,Bicep Curl (Cable),16.4
2026-05-01,Bulgarien Split SMITH,39.0
2026-05-01,Cable Crossover,20.6
2026-05-01,Hack Squat,61.5
2026-05-01,Hammer Curl (Dumbbell),21.9
2026-05-01,Incline Bench Press (Dumbbell),49.2
2026-05-01,Incline Curl (Dumbbell),19.6
2026-05-01,Lateral Raise (Dumbbell),12.8
2026-05-01,Lateral Raise (Machine),42.2
2026-05-01,Leg Extension (Machine),138.8
2026-05-01,Lying Leg Curl (Machine),84.0
2026-05-01,Pull Up,25.2
2026-05-01,Pullover (Machine),39.6
2026-05-01,Reverse Fly (Machine),82.5
2026-05-01,Romanian Deadlift (Barbell),82.0
2026-05-01,Seated Overhead Press (Dumbbell),35.5
2026-05-01,Seated Row (Machine),112.0
2026-05-01,Skullcrusher (Barbell),39.6
2026-05-01,T Bar Row,82.0
2026-05-01,Triceps Extension (Cable),34.0
2026-05-01,Triceps Pushdown (Cable - Straight Bar),55.6
2026-05-01,Upright Row (Cable),37.6
2026-05-01,Wrist Curl Cable,57.0
